content,summary
蒙卦代表什么？,蒙卦是一个异卦相叠的卦象，由下卦坎（水）和上卦艮（山）组成。在这一卦象中，表明不是我求告于童蒙般的愚昧之人，而是愚昧之人求告于我。初次占卜会得到神灵的启示，但如果过于轻慢和不敬，神灵将不再告知。这是一个通泰的卦象，暗示着需要接受教导、等待时机，以果敢坚毅的行动来培养自身的品德。蒙卦的核心哲学是：初时迷惑不知方向，需要忍耐等待时机而后行动，多听取他人意见则运势可通。对于事业和经商而言，必须勇敢、坚毅，但务必接受严格教育，并树立良好的商业道德。对于求名和婚恋，也需要注重基础教育和品德考量。蒙卦提醒人们，要接受长辈的教诲，抛弃疑惧的心理，等待适当时机，必然一帆风顺。
周易中的蒙卦含义是什么？,蒙卦是一个异卦相叠的卦象，由下卦坎（水）和上卦艮（山）组成。在这一卦象中，表明不是我求告于童蒙般的愚昧之人，而是愚昧之人求告于我。初次占卜会得到神灵的启示，但如果过于轻慢和不敬，神灵将不再告知。这是一个通泰的卦象，暗示着需要接受教导、等待时机，以果敢坚毅的行动来培养自身的品德。蒙卦的核心哲学是：初时迷惑不知方向，需要忍耐等待时机而后行动，多听取他人意见则运势可通。对于事业和经商而言，必须勇敢、坚毅，但务必接受严格教育，并树立良好的商业道德。对于求名和婚恋，也需要注重基础教育和品德考量。蒙卦提醒人们，要接受长辈的教诲，抛弃疑惧的心理，等待适当时机，必然一帆风顺。
请解释一下蒙卦。,蒙卦是一个异卦相叠的卦象，由下卦坎（水）和上卦艮（山）组成。在这一卦象中，表明不是我求告于童蒙般的愚昧之人，而是愚昧之人求告于我。初次占卜会得到神灵的启示，但如果过于轻慢和不敬，神灵将不再告知。这是一个通泰的卦象，暗示着需要接受教导、等待时机，以果敢坚毅的行动来培养自身的品德。蒙卦的核心哲学是：初时迷惑不知方向，需要忍耐等待时机而后行动，多听取他人意见则运势可通。对于事业和经商而言，必须勇敢、坚毅，但务必接受严格教育，并树立良好的商业道德。对于求名和婚恋，也需要注重基础教育和品德考量。蒙卦提醒人们，要接受长辈的教诲，抛弃疑惧的心理，等待适当时机，必然一帆风顺。
蒙卦在周易中是什么象征？,蒙卦是一个异卦相叠的卦象，由下卦坎（水）和上卦艮（山）组成。在这一卦象中，表明不是我求告于童蒙般的愚昧之人，而是愚昧之人求告于我。初次占卜会得到神灵的启示，但如果过于轻慢和不敬，神灵将不再告知。这是一个通泰的卦象，暗示着需要接受教导、等待时机，以果敢坚毅的行动来培养自身的品德。蒙卦的核心哲学是：初时迷惑不知方向，需要忍耐等待时机而后行动，多听取他人意见则运势可通。对于事业和经商而言，必须勇敢、坚毅，但务必接受严格教育，并树立良好的商业道德。对于求名和婚恋，也需要注重基础教育和品德考量。蒙卦提醒人们，要接受长辈的教诲，抛弃疑惧的心理，等待适当时机，必然一帆风顺。
周易蒙卦的深层含义是什么？,蒙卦是一个异卦相叠的卦象，由下卦坎（水）和上卦艮（山）组成。在这一卦象中，表明不是我求告于童蒙般的愚昧之人，而是愚昧之人求告于我。初次占卜会得到神灵的启示，但如果过于轻慢和不敬，神灵将不再告知。这是一个通泰的卦象，暗示着需要接受教导、等待时机，以果敢坚毅的行动来培养自身的品德。蒙卦的核心哲学是：初时迷惑不知方向，需要忍耐等待时机而后行动，多听取他人意见则运势可通。对于事业和经商而言，必须勇敢、坚毅，但务必接受严格教育，并树立良好的商业道德。对于求名和婚恋，也需要注重基础教育和品德考量。蒙卦提醒人们，要接受长辈的教诲，抛弃疑惧的心理，等待适当时机，必然一帆风顺。
蒙卦和教育启蒙有什么联系？,蒙卦是一个异卦相叠的卦象，由下卦坎（水）和上卦艮（山）组成。在这一卦象中，表明不是我求告于童蒙般的愚昧之人，而是愚昧之人求告于我。初次占卜会得到神灵的启示，但如果过于轻慢和不敬，神灵将不再告知。这是一个通泰的卦象，暗示着需要接受教导、等待时机，以果敢坚毅的行动来培养自身的品德。蒙卦的核心哲学是：初时迷惑不知方向，需要忍耐等待时机而后行动，多听取他人意见则运势可通。对于事业和经商而言，必须勇敢、坚毅，但务必接受严格教育，并树立良好的商业道德。对于求名和婚恋，也需要注重基础教育和品德考量。蒙卦提醒人们，要接受长辈的教诲，抛弃疑惧的心理，等待适当时机，必然一帆风顺。
周易的蒙卦讲述了什么？,蒙卦是一个异卦相叠的卦象，由下卦坎（水）和上卦艮（山）组成。在这一卦象中，表明不是我求告于童蒙般的愚昧之人，而是愚昧之人求告于我。初次占卜会得到神灵的启示，但如果过于轻慢和不敬，神灵将不再告知。这是一个通泰的卦象，暗示着需要接受教导、等待时机，以果敢坚毅的行动来培养自身的品德。蒙卦的核心哲学是：初时迷惑不知方向，需要忍耐等待时机而后行动，多听取他人意见则运势可通。对于事业和经商而言，必须勇敢、坚毅，但务必接受严格教育，并树立良好的商业道德。对于求名和婚恋，也需要注重基础教育和品德考量。蒙卦提醒人们，要接受长辈的教诲，抛弃疑惧的心理，等待适当时机，必然一帆风顺。
蒙卦是怎样的一个卦象？,蒙卦是一个异卦相叠的卦象，由下卦坎（水）和上卦艮（山）组成。在这一卦象中，表明不是我求告于童蒙般的愚昧之人，而是愚昧之人求告于我。初次占卜会得到神灵的启示，但如果过于轻慢和不敬，神灵将不再告知。这是一个通泰的卦象，暗示着需要接受教导、等待时机，以果敢坚毅的行动来培养自身的品德。蒙卦的核心哲学是：初时迷惑不知方向，需要忍耐等待时机而后行动，多听取他人意见则运势可通。对于事业和经商而言，必须勇敢、坚毅，但务必接受严格教育，并树立良好的商业道德。对于求名和婚恋，也需要注重基础教育和品德考量。蒙卦提醒人们，要接受长辈的教诲，抛弃疑惧的心理，等待适当时机，必然一帆风顺。
蒙卦在周易中怎样表达教育的概念？,蒙卦是一个异卦相叠的卦象，由下卦坎（水）和上卦艮（山）组成。在这一卦象中，表明不是我求告于童蒙般的愚昧之人，而是愚昧之人求告于我。初次占卜会得到神灵的启示，但如果过于轻慢和不敬，神灵将不再告知。这是一个通泰的卦象，暗示着需要接受教导、等待时机，以果敢坚毅的行动来培养自身的品德。蒙卦的核心哲学是：初时迷惑不知方向，需要忍耐等待时机而后行动，多听取他人意见则运势可通。对于事业和经商而言，必须勇敢、坚毅，但务必接受严格教育，并树立良好的商业道德。对于求名和婚恋，也需要注重基础教育和品德考量。蒙卦提醒人们，要接受长辈的教诲，抛弃疑惧的心理，等待适当时机，必然一帆风顺。
蒙卦的基本意义是什么？,蒙卦是一个异卦相叠的卦象，由下卦坎（水）和上卦艮（山）组成。在这一卦象中，表明不是我求告于童蒙般的愚昧之人，而是愚昧之人求告于我。初次占卜会得到神灵的启示，但如果过于轻慢和不敬，神灵将不再告知。这是一个通泰的卦象，暗示着需要接受教导、等待时机，以果敢坚毅的行动来培养自身的品德。蒙卦的核心哲学是：初时迷惑不知方向，需要忍耐等待时机而后行动，多听取他人意见则运势可通。对于事业和经商而言，必须勇敢、坚毅，但务必接受严格教育，并树立良好的商业道德。对于求名和婚恋，也需要注重基础教育和品德考量。蒙卦提醒人们，要接受长辈的教诲，抛弃疑惧的心理，等待适当时机，必然一帆风顺。
周易中蒙卦的解释是什么？,蒙卦是一个异卦相叠的卦象，由下卦坎（水）和上卦艮（山）组成。在这一卦象中，表明不是我求告于童蒙般的愚昧之人，而是愚昧之人求告于我。初次占卜会得到神灵的启示，但如果过于轻慢和不敬，神灵将不再告知。这是一个通泰的卦象，暗示着需要接受教导、等待时机，以果敢坚毅的行动来培养自身的品德。蒙卦的核心哲学是：初时迷惑不知方向，需要忍耐等待时机而后行动，多听取他人意见则运势可通。对于事业和经商而言，必须勇敢、坚毅，但务必接受严格教育，并树立良好的商业道德。对于求名和婚恋，也需要注重基础教育和品德考量。蒙卦提醒人们，要接受长辈的教诲，抛弃疑惧的心理，等待适当时机，必然一帆风顺。
蒙卦在周易中代表了哪些方面？,蒙卦是一个异卦相叠的卦象，由下卦坎（水）和上卦艮（山）组成。在这一卦象中，表明不是我求告于童蒙般的愚昧之人，而是愚昧之人求告于我。初次占卜会得到神灵的启示，但如果过于轻慢和不敬，神灵将不再告知。这是一个通泰的卦象，暗示着需要接受教导、等待时机，以果敢坚毅的行动来培养自身的品德。蒙卦的核心哲学是：初时迷惑不知方向，需要忍耐等待时机而后行动，多听取他人意见则运势可通。对于事业和经商而言，必须勇敢、坚毅，但务必接受严格教育，并树立良好的商业道德。对于求名和婚恋，也需要注重基础教育和品德考量。蒙卦提醒人们，要接受长辈的教诲，抛弃疑惧的心理，等待适当时机，必然一帆风顺。
蒙卦涉及哪些哲学思想？,蒙卦是一个异卦相叠的卦象，由下卦坎（水）和上卦艮（山）组成。在这一卦象中，表明不是我求告于童蒙般的愚昧之人，而是愚昧之人求告于我。初次占卜会得到神灵的启示，但如果过于轻慢和不敬，神灵将不再告知。这是一个通泰的卦象，暗示着需要接受教导、等待时机，以果敢坚毅的行动来培养自身的品德。蒙卦的核心哲学是：初时迷惑不知方向，需要忍耐等待时机而后行动，多听取他人意见则运势可通。对于事业和经商而言，必须勇敢、坚毅，但务必接受严格教育，并树立良好的商业道德。对于求名和婚恋，也需要注重基础教育和品德考量。蒙卦提醒人们，要接受长辈的教诲，抛弃疑惧的心理，等待适当时机，必然一帆风顺。
周易中蒙卦的象征意义是什么？,蒙卦是一个异卦相叠的卦象，由下卦坎（水）和上卦艮（山）组成。在这一卦象中，表明不是我求告于童蒙般的愚昧之人，而是愚昧之人求告于我。初次占卜会得到神灵的启示，但如果过于轻慢和不敬，神灵将不再告知。这是一个通泰的卦象，暗示着需要接受教导、等待时机，以果敢坚毅的行动来培养自身的品德。蒙卦的核心哲学是：初时迷惑不知方向，需要忍耐等待时机而后行动，多听取他人意见则运势可通。对于事业和经商而言，必须勇敢、坚毅，但务必接受严格教育，并树立良好的商业道德。对于求名和婚恋，也需要注重基础教育和品德考量。蒙卦提醒人们，要接受长辈的教诲，抛弃疑惧的心理，等待适当时机，必然一帆风顺。
蒙卦的主要讲述内容是什么？,蒙卦是一个异卦相叠的卦象，由下卦坎（水）和上卦艮（山）组成。在这一卦象中，表明不是我求告于童蒙般的愚昧之人，而是愚昧之人求告于我。初次占卜会得到神灵的启示，但如果过于轻慢和不敬，神灵将不再告知。这是一个通泰的卦象，暗示着需要接受教导、等待时机，以果敢坚毅的行动来培养自身的品德。蒙卦的核心哲学是：初时迷惑不知方向，需要忍耐等待时机而后行动，多听取他人意见则运势可通。对于事业和经商而言，必须勇敢、坚毅，但务必接受严格教育，并树立良好的商业道德。对于求名和婚恋，也需要注重基础教育和品德考量。蒙卦提醒人们，要接受长辈的教诲，抛弃疑惧的心理，等待适当时机，必然一帆风顺。
周易蒙卦的核心思想是什么？,蒙卦是一个异卦相叠的卦象，由下卦坎（水）和上卦艮（山）组成。在这一卦象中，表明不是我求告于童蒙般的愚昧之人，而是愚昧之人求告于我。初次占卜会得到神灵的启示，但如果过于轻慢和不敬，神灵将不再告知。这是一个通泰的卦象，暗示着需要接受教导、等待时机，以果敢坚毅的行动来培养自身的品德。蒙卦的核心哲学是：初时迷惑不知方向，需要忍耐等待时机而后行动，多听取他人意见则运势可通。对于事业和经商而言，必须勇敢、坚毅，但务必接受严格教育，并树立良好的商业道德。对于求名和婚恋，也需要注重基础教育和品德考量。蒙卦提醒人们，要接受长辈的教诲，抛弃疑惧的心理，等待适当时机，必然一帆风顺。
蒙卦和启蒙教育之间有何联系？,蒙卦是一个异卦相叠的卦象，由下卦坎（水）和上卦艮（山）组成。在这一卦象中，表明不是我求告于童蒙般的愚昧之人，而是愚昧之人求告于我。初次占卜会得到神灵的启示，但如果过于轻慢和不敬，神灵将不再告知。这是一个通泰的卦象，暗示着需要接受教导、等待时机，以果敢坚毅的行动来培养自身的品德。蒙卦的核心哲学是：初时迷惑不知方向，需要忍耐等待时机而后行动，多听取他人意见则运势可通。对于事业和经商而言，必须勇敢、坚毅，但务必接受严格教育，并树立良好的商业道德。对于求名和婚恋，也需要注重基础教育和品德考量。蒙卦提醒人们，要接受长辈的教诲，抛弃疑惧的心理，等待适当时机，必然一帆风顺。
在周易中，蒙卦象征着什么？,蒙卦是一个异卦相叠的卦象，由下卦坎（水）和上卦艮（山）组成。在这一卦象中，表明不是我求告于童蒙般的愚昧之人，而是愚昧之人求告于我。初次占卜会得到神灵的启示，但如果过于轻慢和不敬，神灵将不再告知。这是一个通泰的卦象，暗示着需要接受教导、等待时机，以果敢坚毅的行动来培养自身的品德。蒙卦的核心哲学是：初时迷惑不知方向，需要忍耐等待时机而后行动，多听取他人意见则运势可通。对于事业和经商而言，必须勇敢、坚毅，但务必接受严格教育，并树立良好的商业道德。对于求名和婚恋，也需要注重基础教育和品德考量。蒙卦提醒人们，要接受长辈的教诲，抛弃疑惧的心理，等待适当时机，必然一帆风顺。
请描述蒙卦的含义。,蒙卦是一个异卦相叠的卦象，由下卦坎（水）和上卦艮（山）组成。在这一卦象中，表明不是我求告于童蒙般的愚昧之人，而是愚昧之人求告于我。初次占卜会得到神灵的启示，但如果过于轻慢和不敬，神灵将不再告知。这是一个通泰的卦象，暗示着需要接受教导、等待时机，以果敢坚毅的行动来培养自身的品德。蒙卦的核心哲学是：初时迷惑不知方向，需要忍耐等待时机而后行动，多听取他人意见则运势可通。对于事业和经商而言，必须勇敢、坚毅，但务必接受严格教育，并树立良好的商业道德。对于求名和婚恋，也需要注重基础教育和品德考量。蒙卦提醒人们，要接受长辈的教诲，抛弃疑惧的心理，等待适当时机，必然一帆风顺。
蒙卦在周易哲学中扮演什么角色？,蒙卦是一个异卦相叠的卦象，由下卦坎（水）和上卦艮（山）组成。在这一卦象中，表明不是我求告于童蒙般的愚昧之人，而是愚昧之人求告于我。初次占卜会得到神灵的启示，但如果过于轻慢和不敬，神灵将不再告知。这是一个通泰的卦象，暗示着需要接受教导、等待时机，以果敢坚毅的行动来培养自身的品德。蒙卦的核心哲学是：初时迷惑不知方向，需要忍耐等待时机而后行动，多听取他人意见则运势可通。对于事业和经商而言，必须勇敢、坚毅，但务必接受严格教育，并树立良好的商业道德。对于求名和婚恋，也需要注重基础教育和品德考量。蒙卦提醒人们，要接受长辈的教诲，抛弃疑惧的心理，等待适当时机，必然一帆风顺。
屯卦代表什么？,"在周易中，屯卦象征万物始生，开始时面临诸多困难和险阻。这是一卦大吉大利的占卜，但不利于出门，而有利于创业封侯。屯卦的上卦坎为云，下卦震为雷，云行于上，雷动于下，预示着困难之中蕴藏着发展和向上的力量。因此，君子应当以云的恩泽和雷的威严治理国事。

屯卦预示着多劳苦、有初难后解之象。在事业上，虽然起初困难重重，却要勇往直前，灵活机动，抓住时机获得成功；经商创业则需坚定信念，积极进取，行动果断，等待机会再展宏图；对于婚恋、求名等方面，均需坚持初衷，积极追求。

综上所述，屯卦所指示的挑战虽多，但大凡能坚忍不拔、锲而不舍，并以乐观主义精神处世者，必能克服困难，取得成功。"
周易中的屯卦含义是什么？,"在周易中，屯卦象征万物始生，开始时面临诸多困难和险阻。这是一卦大吉大利的占卜，但不利于出门，而有利于创业封侯。屯卦的上卦坎为云，下卦震为雷，云行于上，雷动于下，预示着困难之中蕴藏着发展和向上的力量。因此，君子应当以云的恩泽和雷的威严治理国事。

屯卦预示着多劳苦、有初难后解之象。在事业上，虽然起初困难重重，却要勇往直前，灵活机动，抓住时机获得成功；经商创业则需坚定信念，积极进取，行动果断，等待机会再展宏图；对于婚恋、求名等方面，均需坚持初衷，积极追求。

综上所述，屯卦所指示的挑战虽多，但大凡能坚忍不拔、锲而不舍，并以乐观主义精神处世者，必能克服困难，取得成功。"
请解释一下屯卦。,"在周易中，屯卦象征万物始生，开始时面临诸多困难和险阻。这是一卦大吉大利的占卜，但不利于出门，而有利于创业封侯。屯卦的上卦坎为云，下卦震为雷，云行于上，雷动于下，预示着困难之中蕴藏着发展和向上的力量。因此，君子应当以云的恩泽和雷的威严治理国事。

屯卦预示着多劳苦、有初难后解之象。在事业上，虽然起初困难重重，却要勇往直前，灵活机动，抓住时机获得成功；经商创业则需坚定信念，积极进取，行动果断，等待机会再展宏图；对于婚恋、求名等方面，均需坚持初衷，积极追求。

综上所述，屯卦所指示的挑战虽多，但大凡能坚忍不拔、锲而不舍，并以乐观主义精神处世者，必能克服困难，取得成功。"
屯卦在周易中是什么象征？,"在周易中，屯卦象征万物始生，开始时面临诸多困难和险阻。这是一卦大吉大利的占卜，但不利于出门，而有利于创业封侯。屯卦的上卦坎为云，下卦震为雷，云行于上，雷动于下，预示着困难之中蕴藏着发展和向上的力量。因此，君子应当以云的恩泽和雷的威严治理国事。

屯卦预示着多劳苦、有初难后解之象。在事业上，虽然起初困难重重，却要勇往直前，灵活机动，抓住时机获得成功；经商创业则需坚定信念，积极进取，行动果断，等待机会再展宏图；对于婚恋、求名等方面，均需坚持初衷，积极追求。

综上所述，屯卦所指示的挑战虽多，但大凡能坚忍不拔、锲而不舍，并以乐观主义精神处世者，必能克服困难，取得成功。"
周易屯卦的深层含义是什么？,"在周易中，屯卦象征万物始生，开始时面临诸多困难和险阻。这是一卦大吉大利的占卜，但不利于出门，而有利于创业封侯。屯卦的上卦坎为云，下卦震为雷，云行于上，雷动于下，预示着困难之中蕴藏着发展和向上的力量。因此，君子应当以云的恩泽和雷的威严治理国事。

屯卦预示着多劳苦、有初难后解之象。在事业上，虽然起初困难重重，却要勇往直前，灵活机动，抓住时机获得成功；经商创业则需坚定信念，积极进取，行动果断，等待机会再展宏图；对于婚恋、求名等方面，均需坚持初衷，积极追求。

综上所述，屯卦所指示的挑战虽多，但大凡能坚忍不拔、锲而不舍，并以乐观主义精神处世者，必能克服困难，取得成功。"
屯卦和教育启蒙有什么联系？,"在周易中，屯卦象征万物始生，开始时面临诸多困难和险阻。这是一卦大吉大利的占卜，但不利于出门，而有利于创业封侯。屯卦的上卦坎为云，下卦震为雷，云行于上，雷动于下，预示着困难之中蕴藏着发展和向上的力量。因此，君子应当以云的恩泽和雷的威严治理国事。

屯卦预示着多劳苦、有初难后解之象。在事业上，虽然起初困难重重，却要勇往直前，灵活机动，抓住时机获得成功；经商创业则需坚定信念，积极进取，行动果断，等待机会再展宏图；对于婚恋、求名等方面，均需坚持初衷，积极追求。

综上所述，屯卦所指示的挑战虽多，但大凡能坚忍不拔、锲而不舍，并以乐观主义精神处世者，必能克服困难，取得成功。"
周易的屯卦讲述了什么？,"在周易中，屯卦象征万物始生，开始时面临诸多困难和险阻。这是一卦大吉大利的占卜，但不利于出门，而有利于创业封侯。屯卦的上卦坎为云，下卦震为雷，云行于上，雷动于下，预示着困难之中蕴藏着发展和向上的力量。因此，君子应当以云的恩泽和雷的威严治理国事。

屯卦预示着多劳苦、有初难后解之象。在事业上，虽然起初困难重重，却要勇往直前，灵活机动，抓住时机获得成功；经商创业则需坚定信念，积极进取，行动果断，等待机会再展宏图；对于婚恋、求名等方面，均需坚持初衷，积极追求。

综上所述，屯卦所指示的挑战虽多，但大凡能坚忍不拔、锲而不舍，并以乐观主义精神处世者，必能克服困难，取得成功。"
屯卦是怎样的一个卦象？,"在周易中，屯卦象征万物始生，开始时面临诸多困难和险阻。这是一卦大吉大利的占卜，但不利于出门，而有利于创业封侯。屯卦的上卦坎为云，下卦震为雷，云行于上，雷动于下，预示着困难之中蕴藏着发展和向上的力量。因此，君子应当以云的恩泽和雷的威严治理国事。

屯卦预示着多劳苦、有初难后解之象。在事业上，虽然起初困难重重，却要勇往直前，灵活机动，抓住时机获得成功；经商创业则需坚定信念，积极进取，行动果断，等待机会再展宏图；对于婚恋、求名等方面，均需坚持初衷，积极追求。

综上所述，屯卦所指示的挑战虽多，但大凡能坚忍不拔、锲而不舍，并以乐观主义精神处世者，必能克服困难，取得成功。"
屯卦在周易中怎样表达教育的概念？,"在周易中，屯卦象征万物始生，开始时面临诸多困难和险阻。这是一卦大吉大利的占卜，但不利于出门，而有利于创业封侯。屯卦的上卦坎为云，下卦震为雷，云行于上，雷动于下，预示着困难之中蕴藏着发展和向上的力量。因此，君子应当以云的恩泽和雷的威严治理国事。

屯卦预示着多劳苦、有初难后解之象。在事业上，虽然起初困难重重，却要勇往直前，灵活机动，抓住时机获得成功；经商创业则需坚定信念，积极进取，行动果断，等待机会再展宏图；对于婚恋、求名等方面，均需坚持初衷，积极追求。

综上所述，屯卦所指示的挑战虽多，但大凡能坚忍不拔、锲而不舍，并以乐观主义精神处世者，必能克服困难，取得成功。"
屯卦的基本意义是什么？,"在周易中，屯卦象征万物始生，开始时面临诸多困难和险阻。这是一卦大吉大利的占卜，但不利于出门，而有利于创业封侯。屯卦的上卦坎为云，下卦震为雷，云行于上，雷动于下，预示着困难之中蕴藏着发展和向上的力量。因此，君子应当以云的恩泽和雷的威严治理国事。

屯卦预示着多劳苦、有初难后解之象。在事业上，虽然起初困难重重，却要勇往直前，灵活机动，抓住时机获得成功；经商创业则需坚定信念，积极进取，行动果断，等待机会再展宏图；对于婚恋、求名等方面，均需坚持初衷，积极追求。

综上所述，屯卦所指示的挑战虽多，但大凡能坚忍不拔、锲而不舍，并以乐观主义精神处世者，必能克服困难，取得成功。"
周易中屯卦的解释是什么？,"在周易中，屯卦象征万物始生，开始时面临诸多困难和险阻。这是一卦大吉大利的占卜，但不利于出门，而有利于创业封侯。屯卦的上卦坎为云，下卦震为雷，云行于上，雷动于下，预示着困难之中蕴藏着发展和向上的力量。因此，君子应当以云的恩泽和雷的威严治理国事。

屯卦预示着多劳苦、有初难后解之象。在事业上，虽然起初困难重重，却要勇往直前，灵活机动，抓住时机获得成功；经商创业则需坚定信念，积极进取，行动果断，等待机会再展宏图；对于婚恋、求名等方面，均需坚持初衷，积极追求。

综上所述，屯卦所指示的挑战虽多，但大凡能坚忍不拔、锲而不舍，并以乐观主义精神处世者，必能克服困难，取得成功。"
屯卦在周易中代表了哪些方面？,"在周易中，屯卦象征万物始生，开始时面临诸多困难和险阻。这是一卦大吉大利的占卜，但不利于出门，而有利于创业封侯。屯卦的上卦坎为云，下卦震为雷，云行于上，雷动于下，预示着困难之中蕴藏着发展和向上的力量。因此，君子应当以云的恩泽和雷的威严治理国事。

屯卦预示着多劳苦、有初难后解之象。在事业上，虽然起初困难重重，却要勇往直前，灵活机动，抓住时机获得成功；经商创业则需坚定信念，积极进取，行动果断，等待机会再展宏图；对于婚恋、求名等方面，均需坚持初衷，积极追求。

综上所述，屯卦所指示的挑战虽多，但大凡能坚忍不拔、锲而不舍，并以乐观主义精神处世者，必能克服困难，取得成功。"
屯卦涉及哪些哲学思想？,"在周易中，屯卦象征万物始生，开始时面临诸多困难和险阻。这是一卦大吉大利的占卜，但不利于出门，而有利于创业封侯。屯卦的上卦坎为云，下卦震为雷，云行于上，雷动于下，预示着困难之中蕴藏着发展和向上的力量。因此，君子应当以云的恩泽和雷的威严治理国事。

屯卦预示着多劳苦、有初难后解之象。在事业上，虽然起初困难重重，却要勇往直前，灵活机动，抓住时机获得成功；经商创业则需坚定信念，积极进取，行动果断，等待机会再展宏图；对于婚恋、求名等方面，均需坚持初衷，积极追求。

综上所述，屯卦所指示的挑战虽多，但大凡能坚忍不拔、锲而不舍，并以乐观主义精神处世者，必能克服困难，取得成功。"
周易中屯卦的象征意义是什么？,"在周易中，屯卦象征万物始生，开始时面临诸多困难和险阻。这是一卦大吉大利的占卜，但不利于出门，而有利于创业封侯。屯卦的上卦坎为云，下卦震为雷，云行于上，雷动于下，预示着困难之中蕴藏着发展和向上的力量。因此，君子应当以云的恩泽和雷的威严治理国事。

屯卦预示着多劳苦、有初难后解之象。在事业上，虽然起初困难重重，却要勇往直前，灵活机动，抓住时机获得成功；经商创业则需坚定信念，积极进取，行动果断，等待机会再展宏图；对于婚恋、求名等方面，均需坚持初衷，积极追求。

综上所述，屯卦所指示的挑战虽多，但大凡能坚忍不拔、锲而不舍，并以乐观主义精神处世者，必能克服困难，取得成功。"
屯卦的主要讲述内容是什么？,"在周易中，屯卦象征万物始生，开始时面临诸多困难和险阻。这是一卦大吉大利的占卜，但不利于出门，而有利于创业封侯。屯卦的上卦坎为云，下卦震为雷，云行于上，雷动于下，预示着困难之中蕴藏着发展和向上的力量。因此，君子应当以云的恩泽和雷的威严治理国事。

屯卦预示着多劳苦、有初难后解之象。在事业上，虽然起初困难重重，却要勇往直前，灵活机动，抓住时机获得成功；经商创业则需坚定信念，积极进取，行动果断，等待机会再展宏图；对于婚恋、求名等方面，均需坚持初衷，积极追求。

综上所述，屯卦所指示的挑战虽多，但大凡能坚忍不拔、锲而不舍，并以乐观主义精神处世者，必能克服困难，取得成功。"
周易屯卦的核心思想是什么？,"在周易中，屯卦象征万物始生，开始时面临诸多困难和险阻。这是一卦大吉大利的占卜，但不利于出门，而有利于创业封侯。屯卦的上卦坎为云，下卦震为雷，云行于上，雷动于下，预示着困难之中蕴藏着发展和向上的力量。因此，君子应当以云的恩泽和雷的威严治理国事。

屯卦预示着多劳苦、有初难后解之象。在事业上，虽然起初困难重重，却要勇往直前，灵活机动，抓住时机获得成功；经商创业则需坚定信念，积极进取，行动果断，等待机会再展宏图；对于婚恋、求名等方面，均需坚持初衷，积极追求。

综上所述，屯卦所指示的挑战虽多，但大凡能坚忍不拔、锲而不舍，并以乐观主义精神处世者，必能克服困难，取得成功。"
屯卦和启蒙教育之间有何联系？,"在周易中，屯卦象征万物始生，开始时面临诸多困难和险阻。这是一卦大吉大利的占卜，但不利于出门，而有利于创业封侯。屯卦的上卦坎为云，下卦震为雷，云行于上，雷动于下，预示着困难之中蕴藏着发展和向上的力量。因此，君子应当以云的恩泽和雷的威严治理国事。

屯卦预示着多劳苦、有初难后解之象。在事业上，虽然起初困难重重，却要勇往直前，灵活机动，抓住时机获得成功；经商创业则需坚定信念，积极进取，行动果断，等待机会再展宏图；对于婚恋、求名等方面，均需坚持初衷，积极追求。

综上所述，屯卦所指示的挑战虽多，但大凡能坚忍不拔、锲而不舍，并以乐观主义精神处世者，必能克服困难，取得成功。"
在周易中，屯卦象征着什么？,"在周易中，屯卦象征万物始生，开始时面临诸多困难和险阻。这是一卦大吉大利的占卜，但不利于出门，而有利于创业封侯。屯卦的上卦坎为云，下卦震为雷，云行于上，雷动于下，预示着困难之中蕴藏着发展和向上的力量。因此，君子应当以云的恩泽和雷的威严治理国事。

屯卦预示着多劳苦、有初难后解之象。在事业上，虽然起初困难重重，却要勇往直前，灵活机动，抓住时机获得成功；经商创业则需坚定信念，积极进取，行动果断，等待机会再展宏图；对于婚恋、求名等方面，均需坚持初衷，积极追求。

综上所述，屯卦所指示的挑战虽多，但大凡能坚忍不拔、锲而不舍，并以乐观主义精神处世者，必能克服困难，取得成功。"
请描述屯卦的含义。,"在周易中，屯卦象征万物始生，开始时面临诸多困难和险阻。这是一卦大吉大利的占卜，但不利于出门，而有利于创业封侯。屯卦的上卦坎为云，下卦震为雷，云行于上，雷动于下，预示着困难之中蕴藏着发展和向上的力量。因此，君子应当以云的恩泽和雷的威严治理国事。

屯卦预示着多劳苦、有初难后解之象。在事业上，虽然起初困难重重，却要勇往直前，灵活机动，抓住时机获得成功；经商创业则需坚定信念，积极进取，行动果断，等待机会再展宏图；对于婚恋、求名等方面，均需坚持初衷，积极追求。

综上所述，屯卦所指示的挑战虽多，但大凡能坚忍不拔、锲而不舍，并以乐观主义精神处世者，必能克服困难，取得成功。"
屯卦在周易哲学中扮演什么角色？,"在周易中，屯卦象征万物始生，开始时面临诸多困难和险阻。这是一卦大吉大利的占卜，但不利于出门，而有利于创业封侯。屯卦的上卦坎为云，下卦震为雷，云行于上，雷动于下，预示着困难之中蕴藏着发展和向上的力量。因此，君子应当以云的恩泽和雷的威严治理国事。

屯卦预示着多劳苦、有初难后解之象。在事业上，虽然起初困难重重，却要勇往直前，灵活机动，抓住时机获得成功；经商创业则需坚定信念，积极进取，行动果断，等待机会再展宏图；对于婚恋、求名等方面，均需坚持初衷，积极追求。

综上所述，屯卦所指示的挑战虽多，但大凡能坚忍不拔、锲而不舍，并以乐观主义精神处世者，必能克服困难，取得成功。"
需卦代表什么？,"在周易中，需卦是一个充满期待和等待的卦象。它由上卦坎（水）和下卦乾（天）组成，坎象征着云，乾象征着天。云浮聚于天上，预示着雨水即将来临。君子观此卦象，应宴饮安乐，待时而动。

需卦的核心哲学是：坎陷当前，遇阻不进；大器晚成，收成在后。得此卦者，时机尚未成熟，需要耐心等待。切勿冒险，欲速不达。智者应当等待时机，急进反会见凶险。关键在于审时度势，耐心等待，事成于安祥。虽有困难和险阻，但坚守中正，化险为夷。在时机成熟后，将会一帆风顺。

需卦的运势暗示着，智者必须待时而行，不可急进，否则会见凶险。事业、经商、求名、婚恋等方面，均应耐心等待时机成熟，切勿冒进。只有审时度势，坚守中正，方可在时机到来时顺利成功。"
周易中的需卦含义是什么？,"在周易中，需卦是一个充满期待和等待的卦象。它由上卦坎（水）和下卦乾（天）组成，坎象征着云，乾象征着天。云浮聚于天上，预示着雨水即将来临。君子观此卦象，应宴饮安乐，待时而动。

需卦的核心哲学是：坎陷当前，遇阻不进；大器晚成，收成在后。得此卦者，时机尚未成熟，需要耐心等待。切勿冒险，欲速不达。智者应当等待时机，急进反会见凶险。关键在于审时度势，耐心等待，事成于安祥。虽有困难和险阻，但坚守中正，化险为夷。在时机成熟后，将会一帆风顺。

需卦的运势暗示着，智者必须待时而行，不可急进，否则会见凶险。事业、经商、求名、婚恋等方面，均应耐心等待时机成熟，切勿冒进。只有审时度势，坚守中正，方可在时机到来时顺利成功。"
请解释一下需卦。,"在周易中，需卦是一个充满期待和等待的卦象。它由上卦坎（水）和下卦乾（天）组成，坎象征着云，乾象征着天。云浮聚于天上，预示着雨水即将来临。君子观此卦象，应宴饮安乐，待时而动。

需卦的核心哲学是：坎陷当前，遇阻不进；大器晚成，收成在后。得此卦者，时机尚未成熟，需要耐心等待。切勿冒险，欲速不达。智者应当等待时机，急进反会见凶险。关键在于审时度势，耐心等待，事成于安祥。虽有困难和险阻，但坚守中正，化险为夷。在时机成熟后，将会一帆风顺。

需卦的运势暗示着，智者必须待时而行，不可急进，否则会见凶险。事业、经商、求名、婚恋等方面，均应耐心等待时机成熟，切勿冒进。只有审时度势，坚守中正，方可在时机到来时顺利成功。"
需卦在周易中是什么象征？,"在周易中，需卦是一个充满期待和等待的卦象。它由上卦坎（水）和下卦乾（天）组成，坎象征着云，乾象征着天。云浮聚于天上，预示着雨水即将来临。君子观此卦象，应宴饮安乐，待时而动。

需卦的核心哲学是：坎陷当前，遇阻不进；大器晚成，收成在后。得此卦者，时机尚未成熟，需要耐心等待。切勿冒险，欲速不达。智者应当等待时机，急进反会见凶险。关键在于审时度势，耐心等待，事成于安祥。虽有困难和险阻，但坚守中正，化险为夷。在时机成熟后，将会一帆风顺。

需卦的运势暗示着，智者必须待时而行，不可急进，否则会见凶险。事业、经商、求名、婚恋等方面，均应耐心等待时机成熟，切勿冒进。只有审时度势，坚守中正，方可在时机到来时顺利成功。"
周易需卦的深层含义是什么？,"在周易中，需卦是一个充满期待和等待的卦象。它由上卦坎（水）和下卦乾（天）组成，坎象征着云，乾象征着天。云浮聚于天上，预示着雨水即将来临。君子观此卦象，应宴饮安乐，待时而动。

需卦的核心哲学是：坎陷当前，遇阻不进；大器晚成，收成在后。得此卦者，时机尚未成熟，需要耐心等待。切勿冒险，欲速不达。智者应当等待时机，急进反会见凶险。关键在于审时度势，耐心等待，事成于安祥。虽有困难和险阻，但坚守中正，化险为夷。在时机成熟后，将会一帆风顺。

需卦的运势暗示着，智者必须待时而行，不可急进，否则会见凶险。事业、经商、求名、婚恋等方面，均应耐心等待时机成熟，切勿冒进。只有审时度势，坚守中正，方可在时机到来时顺利成功。"
需卦和教育启蒙有什么联系？,"在周易中，需卦是一个充满期待和等待的卦象。它由上卦坎（水）和下卦乾（天）组成，坎象征着云，乾象征着天。云浮聚于天上，预示着雨水即将来临。君子观此卦象，应宴饮安乐，待时而动。

需卦的核心哲学是：坎陷当前，遇阻不进；大器晚成，收成在后。得此卦者，时机尚未成熟，需要耐心等待。切勿冒险，欲速不达。智者应当等待时机，急进反会见凶险。关键在于审时度势，耐心等待，事成于安祥。虽有困难和险阻，但坚守中正，化险为夷。在时机成熟后，将会一帆风顺。

需卦的运势暗示着，智者必须待时而行，不可急进，否则会见凶险。事业、经商、求名、婚恋等方面，均应耐心等待时机成熟，切勿冒进。只有审时度势，坚守中正，方可在时机到来时顺利成功。"
周易的需卦讲述了什么？,"在周易中，需卦是一个充满期待和等待的卦象。它由上卦坎（水）和下卦乾（天）组成，坎象征着云，乾象征着天。云浮聚于天上，预示着雨水即将来临。君子观此卦象，应宴饮安乐，待时而动。

需卦的核心哲学是：坎陷当前，遇阻不进；大器晚成，收成在后。得此卦者，时机尚未成熟，需要耐心等待。切勿冒险，欲速不达。智者应当等待时机，急进反会见凶险。关键在于审时度势，耐心等待，事成于安祥。虽有困难和险阻，但坚守中正，化险为夷。在时机成熟后，将会一帆风顺。

需卦的运势暗示着，智者必须待时而行，不可急进，否则会见凶险。事业、经商、求名、婚恋等方面，均应耐心等待时机成熟，切勿冒进。只有审时度势，坚守中正，方可在时机到来时顺利成功。"
需卦是怎样的一个卦象？,"在周易中，需卦是一个充满期待和等待的卦象。它由上卦坎（水）和下卦乾（天）组成，坎象征着云，乾象征着天。云浮聚于天上，预示着雨水即将来临。君子观此卦象，应宴饮安乐，待时而动。

需卦的核心哲学是：坎陷当前，遇阻不进；大器晚成，收成在后。得此卦者，时机尚未成熟，需要耐心等待。切勿冒险，欲速不达。智者应当等待时机，急进反会见凶险。关键在于审时度势，耐心等待，事成于安祥。虽有困难和险阻，但坚守中正，化险为夷。在时机成熟后，将会一帆风顺。

需卦的运势暗示着，智者必须待时而行，不可急进，否则会见凶险。事业、经商、求名、婚恋等方面，均应耐心等待时机成熟，切勿冒进。只有审时度势，坚守中正，方可在时机到来时顺利成功。"
需卦在周易中怎样表达教育的概念？,"在周易中，需卦是一个充满期待和等待的卦象。它由上卦坎（水）和下卦乾（天）组成，坎象征着云，乾象征着天。云浮聚于天上，预示着雨水即将来临。君子观此卦象，应宴饮安乐，待时而动。

需卦的核心哲学是：坎陷当前，遇阻不进；大器晚成，收成在后。得此卦者，时机尚未成熟，需要耐心等待。切勿冒险，欲速不达。智者应当等待时机，急进反会见凶险。关键在于审时度势，耐心等待，事成于安祥。虽有困难和险阻，但坚守中正，化险为夷。在时机成熟后，将会一帆风顺。

需卦的运势暗示着，智者必须待时而行，不可急进，否则会见凶险。事业、经商、求名、婚恋等方面，均应耐心等待时机成熟，切勿冒进。只有审时度势，坚守中正，方可在时机到来时顺利成功。"
需卦的基本意义是什么？,"在周易中，需卦是一个充满期待和等待的卦象。它由上卦坎（水）和下卦乾（天）组成，坎象征着云，乾象征着天。云浮聚于天上，预示着雨水即将来临。君子观此卦象，应宴饮安乐，待时而动。

需卦的核心哲学是：坎陷当前，遇阻不进；大器晚成，收成在后。得此卦者，时机尚未成熟，需要耐心等待。切勿冒险，欲速不达。智者应当等待时机，急进反会见凶险。关键在于审时度势，耐心等待，事成于安祥。虽有困难和险阻，但坚守中正，化险为夷。在时机成熟后，将会一帆风顺。

需卦的运势暗示着，智者必须待时而行，不可急进，否则会见凶险。事业、经商、求名、婚恋等方面，均应耐心等待时机成熟，切勿冒进。只有审时度势，坚守中正，方可在时机到来时顺利成功。"
周易中需卦的解释是什么？,"在周易中，需卦是一个充满期待和等待的卦象。它由上卦坎（水）和下卦乾（天）组成，坎象征着云，乾象征着天。云浮聚于天上，预示着雨水即将来临。君子观此卦象，应宴饮安乐，待时而动。

需卦的核心哲学是：坎陷当前，遇阻不进；大器晚成，收成在后。得此卦者，时机尚未成熟，需要耐心等待。切勿冒险，欲速不达。智者应当等待时机，急进反会见凶险。关键在于审时度势，耐心等待，事成于安祥。虽有困难和险阻，但坚守中正，化险为夷。在时机成熟后，将会一帆风顺。

需卦的运势暗示着，智者必须待时而行，不可急进，否则会见凶险。事业、经商、求名、婚恋等方面，均应耐心等待时机成熟，切勿冒进。只有审时度势，坚守中正，方可在时机到来时顺利成功。"
需卦在周易中代表了哪些方面？,"在周易中，需卦是一个充满期待和等待的卦象。它由上卦坎（水）和下卦乾（天）组成，坎象征着云，乾象征着天。云浮聚于天上，预示着雨水即将来临。君子观此卦象，应宴饮安乐，待时而动。

需卦的核心哲学是：坎陷当前，遇阻不进；大器晚成，收成在后。得此卦者，时机尚未成熟，需要耐心等待。切勿冒险，欲速不达。智者应当等待时机，急进反会见凶险。关键在于审时度势，耐心等待，事成于安祥。虽有困难和险阻，但坚守中正，化险为夷。在时机成熟后，将会一帆风顺。

需卦的运势暗示着，智者必须待时而行，不可急进，否则会见凶险。事业、经商、求名、婚恋等方面，均应耐心等待时机成熟，切勿冒进。只有审时度势，坚守中正，方可在时机到来时顺利成功。"
需卦涉及哪些哲学思想？,"在周易中，需卦是一个充满期待和等待的卦象。它由上卦坎（水）和下卦乾（天）组成，坎象征着云，乾象征着天。云浮聚于天上，预示着雨水即将来临。君子观此卦象，应宴饮安乐，待时而动。

需卦的核心哲学是：坎陷当前，遇阻不进；大器晚成，收成在后。得此卦者，时机尚未成熟，需要耐心等待。切勿冒险，欲速不达。智者应当等待时机，急进反会见凶险。关键在于审时度势，耐心等待，事成于安祥。虽有困难和险阻，但坚守中正，化险为夷。在时机成熟后，将会一帆风顺。

需卦的运势暗示着，智者必须待时而行，不可急进，否则会见凶险。事业、经商、求名、婚恋等方面，均应耐心等待时机成熟，切勿冒进。只有审时度势，坚守中正，方可在时机到来时顺利成功。"
周易中需卦的象征意义是什么？,"在周易中，需卦是一个充满期待和等待的卦象。它由上卦坎（水）和下卦乾（天）组成，坎象征着云，乾象征着天。云浮聚于天上，预示着雨水即将来临。君子观此卦象，应宴饮安乐，待时而动。

需卦的核心哲学是：坎陷当前，遇阻不进；大器晚成，收成在后。得此卦者，时机尚未成熟，需要耐心等待。切勿冒险，欲速不达。智者应当等待时机，急进反会见凶险。关键在于审时度势，耐心等待，事成于安祥。虽有困难和险阻，但坚守中正，化险为夷。在时机成熟后，将会一帆风顺。

需卦的运势暗示着，智者必须待时而行，不可急进，否则会见凶险。事业、经商、求名、婚恋等方面，均应耐心等待时机成熟，切勿冒进。只有审时度势，坚守中正，方可在时机到来时顺利成功。"
需卦的主要讲述内容是什么？,"在周易中，需卦是一个充满期待和等待的卦象。它由上卦坎（水）和下卦乾（天）组成，坎象征着云，乾象征着天。云浮聚于天上，预示着雨水即将来临。君子观此卦象，应宴饮安乐，待时而动。

需卦的核心哲学是：坎陷当前，遇阻不进；大器晚成，收成在后。得此卦者，时机尚未成熟，需要耐心等待。切勿冒险，欲速不达。智者应当等待时机，急进反会见凶险。关键在于审时度势，耐心等待，事成于安祥。虽有困难和险阻，但坚守中正，化险为夷。在时机成熟后，将会一帆风顺。

需卦的运势暗示着，智者必须待时而行，不可急进，否则会见凶险。事业、经商、求名、婚恋等方面，均应耐心等待时机成熟，切勿冒进。只有审时度势，坚守中正，方可在时机到来时顺利成功。"
周易需卦的核心思想是什么？,"在周易中，需卦是一个充满期待和等待的卦象。它由上卦坎（水）和下卦乾（天）组成，坎象征着云，乾象征着天。云浮聚于天上，预示着雨水即将来临。君子观此卦象，应宴饮安乐，待时而动。

需卦的核心哲学是：坎陷当前，遇阻不进；大器晚成，收成在后。得此卦者，时机尚未成熟，需要耐心等待。切勿冒险，欲速不达。智者应当等待时机，急进反会见凶险。关键在于审时度势，耐心等待，事成于安祥。虽有困难和险阻，但坚守中正，化险为夷。在时机成熟后，将会一帆风顺。

需卦的运势暗示着，智者必须待时而行，不可急进，否则会见凶险。事业、经商、求名、婚恋等方面，均应耐心等待时机成熟，切勿冒进。只有审时度势，坚守中正，方可在时机到来时顺利成功。"
需卦和启蒙教育之间有何联系？,"在周易中，需卦是一个充满期待和等待的卦象。它由上卦坎（水）和下卦乾（天）组成，坎象征着云，乾象征着天。云浮聚于天上，预示着雨水即将来临。君子观此卦象，应宴饮安乐，待时而动。

需卦的核心哲学是：坎陷当前，遇阻不进；大器晚成，收成在后。得此卦者，时机尚未成熟，需要耐心等待。切勿冒险，欲速不达。智者应当等待时机，急进反会见凶险。关键在于审时度势，耐心等待，事成于安祥。虽有困难和险阻，但坚守中正，化险为夷。在时机成熟后，将会一帆风顺。

需卦的运势暗示着，智者必须待时而行，不可急进，否则会见凶险。事业、经商、求名、婚恋等方面，均应耐心等待时机成熟，切勿冒进。只有审时度势，坚守中正，方可在时机到来时顺利成功。"
在周易中，需卦象征着什么？,"在周易中，需卦是一个充满期待和等待的卦象。它由上卦坎（水）和下卦乾（天）组成，坎象征着云，乾象征着天。云浮聚于天上，预示着雨水即将来临。君子观此卦象，应宴饮安乐，待时而动。

需卦的核心哲学是：坎陷当前，遇阻不进；大器晚成，收成在后。得此卦者，时机尚未成熟，需要耐心等待。切勿冒险，欲速不达。智者应当等待时机，急进反会见凶险。关键在于审时度势，耐心等待，事成于安祥。虽有困难和险阻，但坚守中正，化险为夷。在时机成熟后，将会一帆风顺。

需卦的运势暗示着，智者必须待时而行，不可急进，否则会见凶险。事业、经商、求名、婚恋等方面，均应耐心等待时机成熟，切勿冒进。只有审时度势，坚守中正，方可在时机到来时顺利成功。"
请描述需卦的含义。,"在周易中，需卦是一个充满期待和等待的卦象。它由上卦坎（水）和下卦乾（天）组成，坎象征着云，乾象征着天。云浮聚于天上，预示着雨水即将来临。君子观此卦象，应宴饮安乐，待时而动。

需卦的核心哲学是：坎陷当前，遇阻不进；大器晚成，收成在后。得此卦者，时机尚未成熟，需要耐心等待。切勿冒险，欲速不达。智者应当等待时机，急进反会见凶险。关键在于审时度势，耐心等待，事成于安祥。虽有困难和险阻，但坚守中正，化险为夷。在时机成熟后，将会一帆风顺。

需卦的运势暗示着，智者必须待时而行，不可急进，否则会见凶险。事业、经商、求名、婚恋等方面，均应耐心等待时机成熟，切勿冒进。只有审时度势，坚守中正，方可在时机到来时顺利成功。"
需卦在周易哲学中扮演什么角色？,"在周易中，需卦是一个充满期待和等待的卦象。它由上卦坎（水）和下卦乾（天）组成，坎象征着云，乾象征着天。云浮聚于天上，预示着雨水即将来临。君子观此卦象，应宴饮安乐，待时而动。

需卦的核心哲学是：坎陷当前，遇阻不进；大器晚成，收成在后。得此卦者，时机尚未成熟，需要耐心等待。切勿冒险，欲速不达。智者应当等待时机，急进反会见凶险。关键在于审时度势，耐心等待，事成于安祥。虽有困难和险阻，但坚守中正，化险为夷。在时机成熟后，将会一帆风顺。

需卦的运势暗示着，智者必须待时而行，不可急进，否则会见凶险。事业、经商、求名、婚恋等方面，均应耐心等待时机成熟，切勿冒进。只有审时度势，坚守中正，方可在时机到来时顺利成功。"
讼卦代表什么？,"在周易中，讼卦是一个充满危险和争端的卦象。它由上卦乾（天）和下卦坎（水）组成，乾刚坎险，彼此对立，因而产生争讼。尽管开始有利可图，但随后会逐渐转为凶险，需要高度警惕和谨慎。讼卦象征着天和水的相背运行，正如争讼不和的事理乖舛。因此，君子观此卦象，从而需杜绝争讼之事，处事必须慎之又慎。

讼卦的核心哲学是：起初虽有利可图，但终将陷于凶险，宜防陷阱。务必避免固执已见，极力避免卷入诉讼纠纷的争执之中，最好退让化解。此卦在事业上提示警惕小人加害，切勿固执已见，避免陷入争讼；在经商上建议坚持公正、公平、互利的原则，避免冲突；在求名上，需要依靠有地位的人的帮助，及早渡过难关；在婚恋上，提醒双方应以温和的方式处理生活；在决策上，建议承认现实，顺其自然，知足，适可而止。"
周易中的讼卦含义是什么？,"在周易中，讼卦是一个充满危险和争端的卦象。它由上卦乾（天）和下卦坎（水）组成，乾刚坎险，彼此对立，因而产生争讼。尽管开始有利可图，但随后会逐渐转为凶险，需要高度警惕和谨慎。讼卦象征着天和水的相背运行，正如争讼不和的事理乖舛。因此，君子观此卦象，从而需杜绝争讼之事，处事必须慎之又慎。

讼卦的核心哲学是：起初虽有利可图，但终将陷于凶险，宜防陷阱。务必避免固执已见，极力避免卷入诉讼纠纷的争执之中，最好退让化解。此卦在事业上提示警惕小人加害，切勿固执已见，避免陷入争讼；在经商上建议坚持公正、公平、互利的原则，避免冲突；在求名上，需要依靠有地位的人的帮助，及早渡过难关；在婚恋上，提醒双方应以温和的方式处理生活；在决策上，建议承认现实，顺其自然，知足，适可而止。"
请解释一下讼卦。,"在周易中，讼卦是一个充满危险和争端的卦象。它由上卦乾（天）和下卦坎（水）组成，乾刚坎险，彼此对立，因而产生争讼。尽管开始有利可图，但随后会逐渐转为凶险，需要高度警惕和谨慎。讼卦象征着天和水的相背运行，正如争讼不和的事理乖舛。因此，君子观此卦象，从而需杜绝争讼之事，处事必须慎之又慎。

讼卦的核心哲学是：起初虽有利可图，但终将陷于凶险，宜防陷阱。务必避免固执已见，极力避免卷入诉讼纠纷的争执之中，最好退让化解。此卦在事业上提示警惕小人加害，切勿固执已见，避免陷入争讼；在经商上建议坚持公正、公平、互利的原则，避免冲突；在求名上，需要依靠有地位的人的帮助，及早渡过难关；在婚恋上，提醒双方应以温和的方式处理生活；在决策上，建议承认现实，顺其自然，知足，适可而止。"
讼卦在周易中是什么象征？,"在周易中，讼卦是一个充满危险和争端的卦象。它由上卦乾（天）和下卦坎（水）组成，乾刚坎险，彼此对立，因而产生争讼。尽管开始有利可图，但随后会逐渐转为凶险，需要高度警惕和谨慎。讼卦象征着天和水的相背运行，正如争讼不和的事理乖舛。因此，君子观此卦象，从而需杜绝争讼之事，处事必须慎之又慎。

讼卦的核心哲学是：起初虽有利可图，但终将陷于凶险，宜防陷阱。务必避免固执已见，极力避免卷入诉讼纠纷的争执之中，最好退让化解。此卦在事业上提示警惕小人加害，切勿固执已见，避免陷入争讼；在经商上建议坚持公正、公平、互利的原则，避免冲突；在求名上，需要依靠有地位的人的帮助，及早渡过难关；在婚恋上，提醒双方应以温和的方式处理生活；在决策上，建议承认现实，顺其自然，知足，适可而止。"
周易讼卦的深层含义是什么？,"在周易中，讼卦是一个充满危险和争端的卦象。它由上卦乾（天）和下卦坎（水）组成，乾刚坎险，彼此对立，因而产生争讼。尽管开始有利可图，但随后会逐渐转为凶险，需要高度警惕和谨慎。讼卦象征着天和水的相背运行，正如争讼不和的事理乖舛。因此，君子观此卦象，从而需杜绝争讼之事，处事必须慎之又慎。

讼卦的核心哲学是：起初虽有利可图，但终将陷于凶险，宜防陷阱。务必避免固执已见，极力避免卷入诉讼纠纷的争执之中，最好退让化解。此卦在事业上提示警惕小人加害，切勿固执已见，避免陷入争讼；在经商上建议坚持公正、公平、互利的原则，避免冲突；在求名上，需要依靠有地位的人的帮助，及早渡过难关；在婚恋上，提醒双方应以温和的方式处理生活；在决策上，建议承认现实，顺其自然，知足，适可而止。"
讼卦和教育启蒙有什么联系？,"在周易中，讼卦是一个充满危险和争端的卦象。它由上卦乾（天）和下卦坎（水）组成，乾刚坎险，彼此对立，因而产生争讼。尽管开始有利可图，但随后会逐渐转为凶险，需要高度警惕和谨慎。讼卦象征着天和水的相背运行，正如争讼不和的事理乖舛。因此，君子观此卦象，从而需杜绝争讼之事，处事必须慎之又慎。

讼卦的核心哲学是：起初虽有利可图，但终将陷于凶险，宜防陷阱。务必避免固执已见，极力避免卷入诉讼纠纷的争执之中，最好退让化解。此卦在事业上提示警惕小人加害，切勿固执已见，避免陷入争讼；在经商上建议坚持公正、公平、互利的原则，避免冲突；在求名上，需要依靠有地位的人的帮助，及早渡过难关；在婚恋上，提醒双方应以温和的方式处理生活；在决策上，建议承认现实，顺其自然，知足，适可而止。"
周易的讼卦讲述了什么？,"在周易中，讼卦是一个充满危险和争端的卦象。它由上卦乾（天）和下卦坎（水）组成，乾刚坎险，彼此对立，因而产生争讼。尽管开始有利可图，但随后会逐渐转为凶险，需要高度警惕和谨慎。讼卦象征着天和水的相背运行，正如争讼不和的事理乖舛。因此，君子观此卦象，从而需杜绝争讼之事，处事必须慎之又慎。

讼卦的核心哲学是：起初虽有利可图，但终将陷于凶险，宜防陷阱。务必避免固执已见，极力避免卷入诉讼纠纷的争执之中，最好退让化解。此卦在事业上提示警惕小人加害，切勿固执已见，避免陷入争讼；在经商上建议坚持公正、公平、互利的原则，避免冲突；在求名上，需要依靠有地位的人的帮助，及早渡过难关；在婚恋上，提醒双方应以温和的方式处理生活；在决策上，建议承认现实，顺其自然，知足，适可而止。"
讼卦是怎样的一个卦象？,"在周易中，讼卦是一个充满危险和争端的卦象。它由上卦乾（天）和下卦坎（水）组成，乾刚坎险，彼此对立，因而产生争讼。尽管开始有利可图，但随后会逐渐转为凶险，需要高度警惕和谨慎。讼卦象征着天和水的相背运行，正如争讼不和的事理乖舛。因此，君子观此卦象，从而需杜绝争讼之事，处事必须慎之又慎。

讼卦的核心哲学是：起初虽有利可图，但终将陷于凶险，宜防陷阱。务必避免固执已见，极力避免卷入诉讼纠纷的争执之中，最好退让化解。此卦在事业上提示警惕小人加害，切勿固执已见，避免陷入争讼；在经商上建议坚持公正、公平、互利的原则，避免冲突；在求名上，需要依靠有地位的人的帮助，及早渡过难关；在婚恋上，提醒双方应以温和的方式处理生活；在决策上，建议承认现实，顺其自然，知足，适可而止。"
讼卦在周易中怎样表达教育的概念？,"在周易中，讼卦是一个充满危险和争端的卦象。它由上卦乾（天）和下卦坎（水）组成，乾刚坎险，彼此对立，因而产生争讼。尽管开始有利可图，但随后会逐渐转为凶险，需要高度警惕和谨慎。讼卦象征着天和水的相背运行，正如争讼不和的事理乖舛。因此，君子观此卦象，从而需杜绝争讼之事，处事必须慎之又慎。

讼卦的核心哲学是：起初虽有利可图，但终将陷于凶险，宜防陷阱。务必避免固执已见，极力避免卷入诉讼纠纷的争执之中，最好退让化解。此卦在事业上提示警惕小人加害，切勿固执已见，避免陷入争讼；在经商上建议坚持公正、公平、互利的原则，避免冲突；在求名上，需要依靠有地位的人的帮助，及早渡过难关；在婚恋上，提醒双方应以温和的方式处理生活；在决策上，建议承认现实，顺其自然，知足，适可而止。"
讼卦的基本意义是什么？,"在周易中，讼卦是一个充满危险和争端的卦象。它由上卦乾（天）和下卦坎（水）组成，乾刚坎险，彼此对立，因而产生争讼。尽管开始有利可图，但随后会逐渐转为凶险，需要高度警惕和谨慎。讼卦象征着天和水的相背运行，正如争讼不和的事理乖舛。因此，君子观此卦象，从而需杜绝争讼之事，处事必须慎之又慎。

讼卦的核心哲学是：起初虽有利可图，但终将陷于凶险，宜防陷阱。务必避免固执已见，极力避免卷入诉讼纠纷的争执之中，最好退让化解。此卦在事业上提示警惕小人加害，切勿固执已见，避免陷入争讼；在经商上建议坚持公正、公平、互利的原则，避免冲突；在求名上，需要依靠有地位的人的帮助，及早渡过难关；在婚恋上，提醒双方应以温和的方式处理生活；在决策上，建议承认现实，顺其自然，知足，适可而止。"
周易中讼卦的解释是什么？,"在周易中，讼卦是一个充满危险和争端的卦象。它由上卦乾（天）和下卦坎（水）组成，乾刚坎险，彼此对立，因而产生争讼。尽管开始有利可图，但随后会逐渐转为凶险，需要高度警惕和谨慎。讼卦象征着天和水的相背运行，正如争讼不和的事理乖舛。因此，君子观此卦象，从而需杜绝争讼之事，处事必须慎之又慎。

讼卦的核心哲学是：起初虽有利可图，但终将陷于凶险，宜防陷阱。务必避免固执已见，极力避免卷入诉讼纠纷的争执之中，最好退让化解。此卦在事业上提示警惕小人加害，切勿固执已见，避免陷入争讼；在经商上建议坚持公正、公平、互利的原则，避免冲突；在求名上，需要依靠有地位的人的帮助，及早渡过难关；在婚恋上，提醒双方应以温和的方式处理生活；在决策上，建议承认现实，顺其自然，知足，适可而止。"
讼卦在周易中代表了哪些方面？,"在周易中，讼卦是一个充满危险和争端的卦象。它由上卦乾（天）和下卦坎（水）组成，乾刚坎险，彼此对立，因而产生争讼。尽管开始有利可图，但随后会逐渐转为凶险，需要高度警惕和谨慎。讼卦象征着天和水的相背运行，正如争讼不和的事理乖舛。因此，君子观此卦象，从而需杜绝争讼之事，处事必须慎之又慎。

讼卦的核心哲学是：起初虽有利可图，但终将陷于凶险，宜防陷阱。务必避免固执已见，极力避免卷入诉讼纠纷的争执之中，最好退让化解。此卦在事业上提示警惕小人加害，切勿固执已见，避免陷入争讼；在经商上建议坚持公正、公平、互利的原则，避免冲突；在求名上，需要依靠有地位的人的帮助，及早渡过难关；在婚恋上，提醒双方应以温和的方式处理生活；在决策上，建议承认现实，顺其自然，知足，适可而止。"
讼卦涉及哪些哲学思想？,"在周易中，讼卦是一个充满危险和争端的卦象。它由上卦乾（天）和下卦坎（水）组成，乾刚坎险，彼此对立，因而产生争讼。尽管开始有利可图，但随后会逐渐转为凶险，需要高度警惕和谨慎。讼卦象征着天和水的相背运行，正如争讼不和的事理乖舛。因此，君子观此卦象，从而需杜绝争讼之事，处事必须慎之又慎。

讼卦的核心哲学是：起初虽有利可图，但终将陷于凶险，宜防陷阱。务必避免固执已见，极力避免卷入诉讼纠纷的争执之中，最好退让化解。此卦在事业上提示警惕小人加害，切勿固执已见，避免陷入争讼；在经商上建议坚持公正、公平、互利的原则，避免冲突；在求名上，需要依靠有地位的人的帮助，及早渡过难关；在婚恋上，提醒双方应以温和的方式处理生活；在决策上，建议承认现实，顺其自然，知足，适可而止。"
周易中讼卦的象征意义是什么？,"在周易中，讼卦是一个充满危险和争端的卦象。它由上卦乾（天）和下卦坎（水）组成，乾刚坎险，彼此对立，因而产生争讼。尽管开始有利可图，但随后会逐渐转为凶险，需要高度警惕和谨慎。讼卦象征着天和水的相背运行，正如争讼不和的事理乖舛。因此，君子观此卦象，从而需杜绝争讼之事，处事必须慎之又慎。

讼卦的核心哲学是：起初虽有利可图，但终将陷于凶险，宜防陷阱。务必避免固执已见，极力避免卷入诉讼纠纷的争执之中，最好退让化解。此卦在事业上提示警惕小人加害，切勿固执已见，避免陷入争讼；在经商上建议坚持公正、公平、互利的原则，避免冲突；在求名上，需要依靠有地位的人的帮助，及早渡过难关；在婚恋上，提醒双方应以温和的方式处理生活；在决策上，建议承认现实，顺其自然，知足，适可而止。"
讼卦的主要讲述内容是什么？,"在周易中，讼卦是一个充满危险和争端的卦象。它由上卦乾（天）和下卦坎（水）组成，乾刚坎险，彼此对立，因而产生争讼。尽管开始有利可图，但随后会逐渐转为凶险，需要高度警惕和谨慎。讼卦象征着天和水的相背运行，正如争讼不和的事理乖舛。因此，君子观此卦象，从而需杜绝争讼之事，处事必须慎之又慎。

讼卦的核心哲学是：起初虽有利可图，但终将陷于凶险，宜防陷阱。务必避免固执已见，极力避免卷入诉讼纠纷的争执之中，最好退让化解。此卦在事业上提示警惕小人加害，切勿固执已见，避免陷入争讼；在经商上建议坚持公正、公平、互利的原则，避免冲突；在求名上，需要依靠有地位的人的帮助，及早渡过难关；在婚恋上，提醒双方应以温和的方式处理生活；在决策上，建议承认现实，顺其自然，知足，适可而止。"
周易讼卦的核心思想是什么？,"在周易中，讼卦是一个充满危险和争端的卦象。它由上卦乾（天）和下卦坎（水）组成，乾刚坎险，彼此对立，因而产生争讼。尽管开始有利可图，但随后会逐渐转为凶险，需要高度警惕和谨慎。讼卦象征着天和水的相背运行，正如争讼不和的事理乖舛。因此，君子观此卦象，从而需杜绝争讼之事，处事必须慎之又慎。

讼卦的核心哲学是：起初虽有利可图，但终将陷于凶险，宜防陷阱。务必避免固执已见，极力避免卷入诉讼纠纷的争执之中，最好退让化解。此卦在事业上提示警惕小人加害，切勿固执已见，避免陷入争讼；在经商上建议坚持公正、公平、互利的原则，避免冲突；在求名上，需要依靠有地位的人的帮助，及早渡过难关；在婚恋上，提醒双方应以温和的方式处理生活；在决策上，建议承认现实，顺其自然，知足，适可而止。"
讼卦和启蒙教育之间有何联系？,"在周易中，讼卦是一个充满危险和争端的卦象。它由上卦乾（天）和下卦坎（水）组成，乾刚坎险，彼此对立，因而产生争讼。尽管开始有利可图，但随后会逐渐转为凶险，需要高度警惕和谨慎。讼卦象征着天和水的相背运行，正如争讼不和的事理乖舛。因此，君子观此卦象，从而需杜绝争讼之事，处事必须慎之又慎。

讼卦的核心哲学是：起初虽有利可图，但终将陷于凶险，宜防陷阱。务必避免固执已见，极力避免卷入诉讼纠纷的争执之中，最好退让化解。此卦在事业上提示警惕小人加害，切勿固执已见，避免陷入争讼；在经商上建议坚持公正、公平、互利的原则，避免冲突；在求名上，需要依靠有地位的人的帮助，及早渡过难关；在婚恋上，提醒双方应以温和的方式处理生活；在决策上，建议承认现实，顺其自然，知足，适可而止。"
在周易中，讼卦象征着什么？,"在周易中，讼卦是一个充满危险和争端的卦象。它由上卦乾（天）和下卦坎（水）组成，乾刚坎险，彼此对立，因而产生争讼。尽管开始有利可图，但随后会逐渐转为凶险，需要高度警惕和谨慎。讼卦象征着天和水的相背运行，正如争讼不和的事理乖舛。因此，君子观此卦象，从而需杜绝争讼之事，处事必须慎之又慎。

讼卦的核心哲学是：起初虽有利可图，但终将陷于凶险，宜防陷阱。务必避免固执已见，极力避免卷入诉讼纠纷的争执之中，最好退让化解。此卦在事业上提示警惕小人加害，切勿固执已见，避免陷入争讼；在经商上建议坚持公正、公平、互利的原则，避免冲突；在求名上，需要依靠有地位的人的帮助，及早渡过难关；在婚恋上，提醒双方应以温和的方式处理生活；在决策上，建议承认现实，顺其自然，知足，适可而止。"
请描述讼卦的含义。,"在周易中，讼卦是一个充满危险和争端的卦象。它由上卦乾（天）和下卦坎（水）组成，乾刚坎险，彼此对立，因而产生争讼。尽管开始有利可图，但随后会逐渐转为凶险，需要高度警惕和谨慎。讼卦象征着天和水的相背运行，正如争讼不和的事理乖舛。因此，君子观此卦象，从而需杜绝争讼之事，处事必须慎之又慎。

讼卦的核心哲学是：起初虽有利可图，但终将陷于凶险，宜防陷阱。务必避免固执已见，极力避免卷入诉讼纠纷的争执之中，最好退让化解。此卦在事业上提示警惕小人加害，切勿固执已见，避免陷入争讼；在经商上建议坚持公正、公平、互利的原则，避免冲突；在求名上，需要依靠有地位的人的帮助，及早渡过难关；在婚恋上，提醒双方应以温和的方式处理生活；在决策上，建议承认现实，顺其自然，知足，适可而止。"
讼卦在周易哲学中扮演什么角色？,"在周易中，讼卦是一个充满危险和争端的卦象。它由上卦乾（天）和下卦坎（水）组成，乾刚坎险，彼此对立，因而产生争讼。尽管开始有利可图，但随后会逐渐转为凶险，需要高度警惕和谨慎。讼卦象征着天和水的相背运行，正如争讼不和的事理乖舛。因此，君子观此卦象，从而需杜绝争讼之事，处事必须慎之又慎。

讼卦的核心哲学是：起初虽有利可图，但终将陷于凶险，宜防陷阱。务必避免固执已见，极力避免卷入诉讼纠纷的争执之中，最好退让化解。此卦在事业上提示警惕小人加害，切勿固执已见，避免陷入争讼；在经商上建议坚持公正、公平、互利的原则，避免冲突；在求名上，需要依靠有地位的人的帮助，及早渡过难关；在婚恋上，提醒双方应以温和的方式处理生活；在决策上，建议承认现实，顺其自然，知足，适可而止。"
师卦代表什么？,"在周易中，师卦是一个极具深意的卦象，它由两个异卦相叠组成：下卦坎（水）和上卦坤（地）。这一卦象代表“师”，即军队，寓意着兵力和农力的结合。在这里，坎卦象征着水和险难，而坤卦象征着地和顺从，暗示着通过将军事力量安置于民间，可以在必要时顺利调动。

师卦的核心哲学是：虽然兵力代表着危险和战争，但其使用应当是圣人不得已而为之的最后手段。在正确的情况下，军事力量可以顺应形势，将危险转化为吉祥。因此，在军事策略上，此卦象征着出征将会顺利，无灾祸。

师卦紧随讼卦（争讼卦），在《序卦》中解释为“讼必有众起，故受之以师”。这意味着争端激化至众多人群的参与，形成了类似军队的集体力量。

根据《象辞》，这一卦象取法于容纳江河的大地，寓意君子应当像大地一样收容和畜养大众，表达了一种包容和和谐的治理理念。

师卦在求学、事业、经商和婚恋等方面均具有特殊的意义。在运势上，师卦表示困难重重，必须以正规行事，谨小慎微，切忌盲目妄动，同时要注意与他人的沟通与合作，始终保持冷静从容的心态，方能成功。对于决策和行动，也提出了警示和建议，强调在冒险与竞争中应保持老成持重，不贪功、以中正为要，注意坚持正确的引导和正确的努力。"
周易中的师卦含义是什么？,"在周易中，师卦是一个极具深意的卦象，它由两个异卦相叠组成：下卦坎（水）和上卦坤（地）。这一卦象代表“师”，即军队，寓意着兵力和农力的结合。在这里，坎卦象征着水和险难，而坤卦象征着地和顺从，暗示着通过将军事力量安置于民间，可以在必要时顺利调动。

师卦的核心哲学是：虽然兵力代表着危险和战争，但其使用应当是圣人不得已而为之的最后手段。在正确的情况下，军事力量可以顺应形势，将危险转化为吉祥。因此，在军事策略上，此卦象征着出征将会顺利，无灾祸。

师卦紧随讼卦（争讼卦），在《序卦》中解释为“讼必有众起，故受之以师”。这意味着争端激化至众多人群的参与，形成了类似军队的集体力量。

根据《象辞》，这一卦象取法于容纳江河的大地，寓意君子应当像大地一样收容和畜养大众，表达了一种包容和和谐的治理理念。

师卦在求学、事业、经商和婚恋等方面均具有特殊的意义。在运势上，师卦表示困难重重，必须以正规行事，谨小慎微，切忌盲目妄动，同时要注意与他人的沟通与合作，始终保持冷静从容的心态，方能成功。对于决策和行动，也提出了警示和建议，强调在冒险与竞争中应保持老成持重，不贪功、以中正为要，注意坚持正确的引导和正确的努力。"
请解释一下师卦。,"在周易中，师卦是一个极具深意的卦象，它由两个异卦相叠组成：下卦坎（水）和上卦坤（地）。这一卦象代表“师”，即军队，寓意着兵力和农力的结合。在这里，坎卦象征着水和险难，而坤卦象征着地和顺从，暗示着通过将军事力量安置于民间，可以在必要时顺利调动。

师卦的核心哲学是：虽然兵力代表着危险和战争，但其使用应当是圣人不得已而为之的最后手段。在正确的情况下，军事力量可以顺应形势，将危险转化为吉祥。因此，在军事策略上，此卦象征着出征将会顺利，无灾祸。

师卦紧随讼卦（争讼卦），在《序卦》中解释为“讼必有众起，故受之以师”。这意味着争端激化至众多人群的参与，形成了类似军队的集体力量。

根据《象辞》，这一卦象取法于容纳江河的大地，寓意君子应当像大地一样收容和畜养大众，表达了一种包容和和谐的治理理念。

师卦在求学、事业、经商和婚恋等方面均具有特殊的意义。在运势上，师卦表示困难重重，必须以正规行事，谨小慎微，切忌盲目妄动，同时要注意与他人的沟通与合作，始终保持冷静从容的心态，方能成功。对于决策和行动，也提出了警示和建议，强调在冒险与竞争中应保持老成持重，不贪功、以中正为要，注意坚持正确的引导和正确的努力。"
师卦在周易中是什么象征？,"在周易中，师卦是一个极具深意的卦象，它由两个异卦相叠组成：下卦坎（水）和上卦坤（地）。这一卦象代表“师”，即军队，寓意着兵力和农力的结合。在这里，坎卦象征着水和险难，而坤卦象征着地和顺从，暗示着通过将军事力量安置于民间，可以在必要时顺利调动。

师卦的核心哲学是：虽然兵力代表着危险和战争，但其使用应当是圣人不得已而为之的最后手段。在正确的情况下，军事力量可以顺应形势，将危险转化为吉祥。因此，在军事策略上，此卦象征着出征将会顺利，无灾祸。

师卦紧随讼卦（争讼卦），在《序卦》中解释为“讼必有众起，故受之以师”。这意味着争端激化至众多人群的参与，形成了类似军队的集体力量。

根据《象辞》，这一卦象取法于容纳江河的大地，寓意君子应当像大地一样收容和畜养大众，表达了一种包容和和谐的治理理念。

师卦在求学、事业、经商和婚恋等方面均具有特殊的意义。在运势上，师卦表示困难重重，必须以正规行事，谨小慎微，切忌盲目妄动，同时要注意与他人的沟通与合作，始终保持冷静从容的心态，方能成功。对于决策和行动，也提出了警示和建议，强调在冒险与竞争中应保持老成持重，不贪功、以中正为要，注意坚持正确的引导和正确的努力。"
周易师卦的深层含义是什么？,"在周易中，师卦是一个极具深意的卦象，它由两个异卦相叠组成：下卦坎（水）和上卦坤（地）。这一卦象代表“师”，即军队，寓意着兵力和农力的结合。在这里，坎卦象征着水和险难，而坤卦象征着地和顺从，暗示着通过将军事力量安置于民间，可以在必要时顺利调动。

师卦的核心哲学是：虽然兵力代表着危险和战争，但其使用应当是圣人不得已而为之的最后手段。在正确的情况下，军事力量可以顺应形势，将危险转化为吉祥。因此，在军事策略上，此卦象征着出征将会顺利，无灾祸。

师卦紧随讼卦（争讼卦），在《序卦》中解释为“讼必有众起，故受之以师”。这意味着争端激化至众多人群的参与，形成了类似军队的集体力量。

根据《象辞》，这一卦象取法于容纳江河的大地，寓意君子应当像大地一样收容和畜养大众，表达了一种包容和和谐的治理理念。

师卦在求学、事业、经商和婚恋等方面均具有特殊的意义。在运势上，师卦表示困难重重，必须以正规行事，谨小慎微，切忌盲目妄动，同时要注意与他人的沟通与合作，始终保持冷静从容的心态，方能成功。对于决策和行动，也提出了警示和建议，强调在冒险与竞争中应保持老成持重，不贪功、以中正为要，注意坚持正确的引导和正确的努力。"
师卦和教育启蒙有什么联系？,"在周易中，师卦是一个极具深意的卦象，它由两个异卦相叠组成：下卦坎（水）和上卦坤（地）。这一卦象代表“师”，即军队，寓意着兵力和农力的结合。在这里，坎卦象征着水和险难，而坤卦象征着地和顺从，暗示着通过将军事力量安置于民间，可以在必要时顺利调动。

师卦的核心哲学是：虽然兵力代表着危险和战争，但其使用应当是圣人不得已而为之的最后手段。在正确的情况下，军事力量可以顺应形势，将危险转化为吉祥。因此，在军事策略上，此卦象征着出征将会顺利，无灾祸。

师卦紧随讼卦（争讼卦），在《序卦》中解释为“讼必有众起，故受之以师”。这意味着争端激化至众多人群的参与，形成了类似军队的集体力量。

根据《象辞》，这一卦象取法于容纳江河的大地，寓意君子应当像大地一样收容和畜养大众，表达了一种包容和和谐的治理理念。

师卦在求学、事业、经商和婚恋等方面均具有特殊的意义。在运势上，师卦表示困难重重，必须以正规行事，谨小慎微，切忌盲目妄动，同时要注意与他人的沟通与合作，始终保持冷静从容的心态，方能成功。对于决策和行动，也提出了警示和建议，强调在冒险与竞争中应保持老成持重，不贪功、以中正为要，注意坚持正确的引导和正确的努力。"
周易的师卦讲述了什么？,"在周易中，师卦是一个极具深意的卦象，它由两个异卦相叠组成：下卦坎（水）和上卦坤（地）。这一卦象代表“师”，即军队，寓意着兵力和农力的结合。在这里，坎卦象征着水和险难，而坤卦象征着地和顺从，暗示着通过将军事力量安置于民间，可以在必要时顺利调动。

师卦的核心哲学是：虽然兵力代表着危险和战争，但其使用应当是圣人不得已而为之的最后手段。在正确的情况下，军事力量可以顺应形势，将危险转化为吉祥。因此，在军事策略上，此卦象征着出征将会顺利，无灾祸。

师卦紧随讼卦（争讼卦），在《序卦》中解释为“讼必有众起，故受之以师”。这意味着争端激化至众多人群的参与，形成了类似军队的集体力量。

根据《象辞》，这一卦象取法于容纳江河的大地，寓意君子应当像大地一样收容和畜养大众，表达了一种包容和和谐的治理理念。

师卦在求学、事业、经商和婚恋等方面均具有特殊的意义。在运势上，师卦表示困难重重，必须以正规行事，谨小慎微，切忌盲目妄动，同时要注意与他人的沟通与合作，始终保持冷静从容的心态，方能成功。对于决策和行动，也提出了警示和建议，强调在冒险与竞争中应保持老成持重，不贪功、以中正为要，注意坚持正确的引导和正确的努力。"
师卦是怎样的一个卦象？,"在周易中，师卦是一个极具深意的卦象，它由两个异卦相叠组成：下卦坎（水）和上卦坤（地）。这一卦象代表“师”，即军队，寓意着兵力和农力的结合。在这里，坎卦象征着水和险难，而坤卦象征着地和顺从，暗示着通过将军事力量安置于民间，可以在必要时顺利调动。

师卦的核心哲学是：虽然兵力代表着危险和战争，但其使用应当是圣人不得已而为之的最后手段。在正确的情况下，军事力量可以顺应形势，将危险转化为吉祥。因此，在军事策略上，此卦象征着出征将会顺利，无灾祸。

师卦紧随讼卦（争讼卦），在《序卦》中解释为“讼必有众起，故受之以师”。这意味着争端激化至众多人群的参与，形成了类似军队的集体力量。

根据《象辞》，这一卦象取法于容纳江河的大地，寓意君子应当像大地一样收容和畜养大众，表达了一种包容和和谐的治理理念。

师卦在求学、事业、经商和婚恋等方面均具有特殊的意义。在运势上，师卦表示困难重重，必须以正规行事，谨小慎微，切忌盲目妄动，同时要注意与他人的沟通与合作，始终保持冷静从容的心态，方能成功。对于决策和行动，也提出了警示和建议，强调在冒险与竞争中应保持老成持重，不贪功、以中正为要，注意坚持正确的引导和正确的努力。"
师卦在周易中怎样表达教育的概念？,"在周易中，师卦是一个极具深意的卦象，它由两个异卦相叠组成：下卦坎（水）和上卦坤（地）。这一卦象代表“师”，即军队，寓意着兵力和农力的结合。在这里，坎卦象征着水和险难，而坤卦象征着地和顺从，暗示着通过将军事力量安置于民间，可以在必要时顺利调动。

师卦的核心哲学是：虽然兵力代表着危险和战争，但其使用应当是圣人不得已而为之的最后手段。在正确的情况下，军事力量可以顺应形势，将危险转化为吉祥。因此，在军事策略上，此卦象征着出征将会顺利，无灾祸。

师卦紧随讼卦（争讼卦），在《序卦》中解释为“讼必有众起，故受之以师”。这意味着争端激化至众多人群的参与，形成了类似军队的集体力量。

根据《象辞》，这一卦象取法于容纳江河的大地，寓意君子应当像大地一样收容和畜养大众，表达了一种包容和和谐的治理理念。

师卦在求学、事业、经商和婚恋等方面均具有特殊的意义。在运势上，师卦表示困难重重，必须以正规行事，谨小慎微，切忌盲目妄动，同时要注意与他人的沟通与合作，始终保持冷静从容的心态，方能成功。对于决策和行动，也提出了警示和建议，强调在冒险与竞争中应保持老成持重，不贪功、以中正为要，注意坚持正确的引导和正确的努力。"
师卦的基本意义是什么？,"在周易中，师卦是一个极具深意的卦象，它由两个异卦相叠组成：下卦坎（水）和上卦坤（地）。这一卦象代表“师”，即军队，寓意着兵力和农力的结合。在这里，坎卦象征着水和险难，而坤卦象征着地和顺从，暗示着通过将军事力量安置于民间，可以在必要时顺利调动。

师卦的核心哲学是：虽然兵力代表着危险和战争，但其使用应当是圣人不得已而为之的最后手段。在正确的情况下，军事力量可以顺应形势，将危险转化为吉祥。因此，在军事策略上，此卦象征着出征将会顺利，无灾祸。

师卦紧随讼卦（争讼卦），在《序卦》中解释为“讼必有众起，故受之以师”。这意味着争端激化至众多人群的参与，形成了类似军队的集体力量。

根据《象辞》，这一卦象取法于容纳江河的大地，寓意君子应当像大地一样收容和畜养大众，表达了一种包容和和谐的治理理念。

师卦在求学、事业、经商和婚恋等方面均具有特殊的意义。在运势上，师卦表示困难重重，必须以正规行事，谨小慎微，切忌盲目妄动，同时要注意与他人的沟通与合作，始终保持冷静从容的心态，方能成功。对于决策和行动，也提出了警示和建议，强调在冒险与竞争中应保持老成持重，不贪功、以中正为要，注意坚持正确的引导和正确的努力。"
周易中师卦的解释是什么？,"在周易中，师卦是一个极具深意的卦象，它由两个异卦相叠组成：下卦坎（水）和上卦坤（地）。这一卦象代表“师”，即军队，寓意着兵力和农力的结合。在这里，坎卦象征着水和险难，而坤卦象征着地和顺从，暗示着通过将军事力量安置于民间，可以在必要时顺利调动。

师卦的核心哲学是：虽然兵力代表着危险和战争，但其使用应当是圣人不得已而为之的最后手段。在正确的情况下，军事力量可以顺应形势，将危险转化为吉祥。因此，在军事策略上，此卦象征着出征将会顺利，无灾祸。

师卦紧随讼卦（争讼卦），在《序卦》中解释为“讼必有众起，故受之以师”。这意味着争端激化至众多人群的参与，形成了类似军队的集体力量。

根据《象辞》，这一卦象取法于容纳江河的大地，寓意君子应当像大地一样收容和畜养大众，表达了一种包容和和谐的治理理念。

师卦在求学、事业、经商和婚恋等方面均具有特殊的意义。在运势上，师卦表示困难重重，必须以正规行事，谨小慎微，切忌盲目妄动，同时要注意与他人的沟通与合作，始终保持冷静从容的心态，方能成功。对于决策和行动，也提出了警示和建议，强调在冒险与竞争中应保持老成持重，不贪功、以中正为要，注意坚持正确的引导和正确的努力。"
师卦在周易中代表了哪些方面？,"在周易中，师卦是一个极具深意的卦象，它由两个异卦相叠组成：下卦坎（水）和上卦坤（地）。这一卦象代表“师”，即军队，寓意着兵力和农力的结合。在这里，坎卦象征着水和险难，而坤卦象征着地和顺从，暗示着通过将军事力量安置于民间，可以在必要时顺利调动。

师卦的核心哲学是：虽然兵力代表着危险和战争，但其使用应当是圣人不得已而为之的最后手段。在正确的情况下，军事力量可以顺应形势，将危险转化为吉祥。因此，在军事策略上，此卦象征着出征将会顺利，无灾祸。

师卦紧随讼卦（争讼卦），在《序卦》中解释为“讼必有众起，故受之以师”。这意味着争端激化至众多人群的参与，形成了类似军队的集体力量。

根据《象辞》，这一卦象取法于容纳江河的大地，寓意君子应当像大地一样收容和畜养大众，表达了一种包容和和谐的治理理念。

师卦在求学、事业、经商和婚恋等方面均具有特殊的意义。在运势上，师卦表示困难重重，必须以正规行事，谨小慎微，切忌盲目妄动，同时要注意与他人的沟通与合作，始终保持冷静从容的心态，方能成功。对于决策和行动，也提出了警示和建议，强调在冒险与竞争中应保持老成持重，不贪功、以中正为要，注意坚持正确的引导和正确的努力。"
师卦涉及哪些哲学思想？,"在周易中，师卦是一个极具深意的卦象，它由两个异卦相叠组成：下卦坎（水）和上卦坤（地）。这一卦象代表“师”，即军队，寓意着兵力和农力的结合。在这里，坎卦象征着水和险难，而坤卦象征着地和顺从，暗示着通过将军事力量安置于民间，可以在必要时顺利调动。

师卦的核心哲学是：虽然兵力代表着危险和战争，但其使用应当是圣人不得已而为之的最后手段。在正确的情况下，军事力量可以顺应形势，将危险转化为吉祥。因此，在军事策略上，此卦象征着出征将会顺利，无灾祸。

师卦紧随讼卦（争讼卦），在《序卦》中解释为“讼必有众起，故受之以师”。这意味着争端激化至众多人群的参与，形成了类似军队的集体力量。

根据《象辞》，这一卦象取法于容纳江河的大地，寓意君子应当像大地一样收容和畜养大众，表达了一种包容和和谐的治理理念。

师卦在求学、事业、经商和婚恋等方面均具有特殊的意义。在运势上，师卦表示困难重重，必须以正规行事，谨小慎微，切忌盲目妄动，同时要注意与他人的沟通与合作，始终保持冷静从容的心态，方能成功。对于决策和行动，也提出了警示和建议，强调在冒险与竞争中应保持老成持重，不贪功、以中正为要，注意坚持正确的引导和正确的努力。"
周易中师卦的象征意义是什么？,"在周易中，师卦是一个极具深意的卦象，它由两个异卦相叠组成：下卦坎（水）和上卦坤（地）。这一卦象代表“师”，即军队，寓意着兵力和农力的结合。在这里，坎卦象征着水和险难，而坤卦象征着地和顺从，暗示着通过将军事力量安置于民间，可以在必要时顺利调动。

师卦的核心哲学是：虽然兵力代表着危险和战争，但其使用应当是圣人不得已而为之的最后手段。在正确的情况下，军事力量可以顺应形势，将危险转化为吉祥。因此，在军事策略上，此卦象征着出征将会顺利，无灾祸。

师卦紧随讼卦（争讼卦），在《序卦》中解释为“讼必有众起，故受之以师”。这意味着争端激化至众多人群的参与，形成了类似军队的集体力量。

根据《象辞》，这一卦象取法于容纳江河的大地，寓意君子应当像大地一样收容和畜养大众，表达了一种包容和和谐的治理理念。

师卦在求学、事业、经商和婚恋等方面均具有特殊的意义。在运势上，师卦表示困难重重，必须以正规行事，谨小慎微，切忌盲目妄动，同时要注意与他人的沟通与合作，始终保持冷静从容的心态，方能成功。对于决策和行动，也提出了警示和建议，强调在冒险与竞争中应保持老成持重，不贪功、以中正为要，注意坚持正确的引导和正确的努力。"
师卦的主要讲述内容是什么？,"在周易中，师卦是一个极具深意的卦象，它由两个异卦相叠组成：下卦坎（水）和上卦坤（地）。这一卦象代表“师”，即军队，寓意着兵力和农力的结合。在这里，坎卦象征着水和险难，而坤卦象征着地和顺从，暗示着通过将军事力量安置于民间，可以在必要时顺利调动。

师卦的核心哲学是：虽然兵力代表着危险和战争，但其使用应当是圣人不得已而为之的最后手段。在正确的情况下，军事力量可以顺应形势，将危险转化为吉祥。因此，在军事策略上，此卦象征着出征将会顺利，无灾祸。

师卦紧随讼卦（争讼卦），在《序卦》中解释为“讼必有众起，故受之以师”。这意味着争端激化至众多人群的参与，形成了类似军队的集体力量。

根据《象辞》，这一卦象取法于容纳江河的大地，寓意君子应当像大地一样收容和畜养大众，表达了一种包容和和谐的治理理念。

师卦在求学、事业、经商和婚恋等方面均具有特殊的意义。在运势上，师卦表示困难重重，必须以正规行事，谨小慎微，切忌盲目妄动，同时要注意与他人的沟通与合作，始终保持冷静从容的心态，方能成功。对于决策和行动，也提出了警示和建议，强调在冒险与竞争中应保持老成持重，不贪功、以中正为要，注意坚持正确的引导和正确的努力。"
周易师卦的核心思想是什么？,"在周易中，师卦是一个极具深意的卦象，它由两个异卦相叠组成：下卦坎（水）和上卦坤（地）。这一卦象代表“师”，即军队，寓意着兵力和农力的结合。在这里，坎卦象征着水和险难，而坤卦象征着地和顺从，暗示着通过将军事力量安置于民间，可以在必要时顺利调动。

师卦的核心哲学是：虽然兵力代表着危险和战争，但其使用应当是圣人不得已而为之的最后手段。在正确的情况下，军事力量可以顺应形势，将危险转化为吉祥。因此，在军事策略上，此卦象征着出征将会顺利，无灾祸。

师卦紧随讼卦（争讼卦），在《序卦》中解释为“讼必有众起，故受之以师”。这意味着争端激化至众多人群的参与，形成了类似军队的集体力量。

根据《象辞》，这一卦象取法于容纳江河的大地，寓意君子应当像大地一样收容和畜养大众，表达了一种包容和和谐的治理理念。

师卦在求学、事业、经商和婚恋等方面均具有特殊的意义。在运势上，师卦表示困难重重，必须以正规行事，谨小慎微，切忌盲目妄动，同时要注意与他人的沟通与合作，始终保持冷静从容的心态，方能成功。对于决策和行动，也提出了警示和建议，强调在冒险与竞争中应保持老成持重，不贪功、以中正为要，注意坚持正确的引导和正确的努力。"
师卦和启蒙教育之间有何联系？,"在周易中，师卦是一个极具深意的卦象，它由两个异卦相叠组成：下卦坎（水）和上卦坤（地）。这一卦象代表“师”，即军队，寓意着兵力和农力的结合。在这里，坎卦象征着水和险难，而坤卦象征着地和顺从，暗示着通过将军事力量安置于民间，可以在必要时顺利调动。

师卦的核心哲学是：虽然兵力代表着危险和战争，但其使用应当是圣人不得已而为之的最后手段。在正确的情况下，军事力量可以顺应形势，将危险转化为吉祥。因此，在军事策略上，此卦象征着出征将会顺利，无灾祸。

师卦紧随讼卦（争讼卦），在《序卦》中解释为“讼必有众起，故受之以师”。这意味着争端激化至众多人群的参与，形成了类似军队的集体力量。

根据《象辞》，这一卦象取法于容纳江河的大地，寓意君子应当像大地一样收容和畜养大众，表达了一种包容和和谐的治理理念。

师卦在求学、事业、经商和婚恋等方面均具有特殊的意义。在运势上，师卦表示困难重重，必须以正规行事，谨小慎微，切忌盲目妄动，同时要注意与他人的沟通与合作，始终保持冷静从容的心态，方能成功。对于决策和行动，也提出了警示和建议，强调在冒险与竞争中应保持老成持重，不贪功、以中正为要，注意坚持正确的引导和正确的努力。"
在周易中，师卦象征着什么？,"在周易中，师卦是一个极具深意的卦象，它由两个异卦相叠组成：下卦坎（水）和上卦坤（地）。这一卦象代表“师”，即军队，寓意着兵力和农力的结合。在这里，坎卦象征着水和险难，而坤卦象征着地和顺从，暗示着通过将军事力量安置于民间，可以在必要时顺利调动。

师卦的核心哲学是：虽然兵力代表着危险和战争，但其使用应当是圣人不得已而为之的最后手段。在正确的情况下，军事力量可以顺应形势，将危险转化为吉祥。因此，在军事策略上，此卦象征着出征将会顺利，无灾祸。

师卦紧随讼卦（争讼卦），在《序卦》中解释为“讼必有众起，故受之以师”。这意味着争端激化至众多人群的参与，形成了类似军队的集体力量。

根据《象辞》，这一卦象取法于容纳江河的大地，寓意君子应当像大地一样收容和畜养大众，表达了一种包容和和谐的治理理念。

师卦在求学、事业、经商和婚恋等方面均具有特殊的意义。在运势上，师卦表示困难重重，必须以正规行事，谨小慎微，切忌盲目妄动，同时要注意与他人的沟通与合作，始终保持冷静从容的心态，方能成功。对于决策和行动，也提出了警示和建议，强调在冒险与竞争中应保持老成持重，不贪功、以中正为要，注意坚持正确的引导和正确的努力。"
请描述师卦的含义。,"在周易中，师卦是一个极具深意的卦象，它由两个异卦相叠组成：下卦坎（水）和上卦坤（地）。这一卦象代表“师”，即军队，寓意着兵力和农力的结合。在这里，坎卦象征着水和险难，而坤卦象征着地和顺从，暗示着通过将军事力量安置于民间，可以在必要时顺利调动。

师卦的核心哲学是：虽然兵力代表着危险和战争，但其使用应当是圣人不得已而为之的最后手段。在正确的情况下，军事力量可以顺应形势，将危险转化为吉祥。因此，在军事策略上，此卦象征着出征将会顺利，无灾祸。

师卦紧随讼卦（争讼卦），在《序卦》中解释为“讼必有众起，故受之以师”。这意味着争端激化至众多人群的参与，形成了类似军队的集体力量。

根据《象辞》，这一卦象取法于容纳江河的大地，寓意君子应当像大地一样收容和畜养大众，表达了一种包容和和谐的治理理念。

师卦在求学、事业、经商和婚恋等方面均具有特殊的意义。在运势上，师卦表示困难重重，必须以正规行事，谨小慎微，切忌盲目妄动，同时要注意与他人的沟通与合作，始终保持冷静从容的心态，方能成功。对于决策和行动，也提出了警示和建议，强调在冒险与竞争中应保持老成持重，不贪功、以中正为要，注意坚持正确的引导和正确的努力。"
师卦在周易哲学中扮演什么角色？,"在周易中，师卦是一个极具深意的卦象，它由两个异卦相叠组成：下卦坎（水）和上卦坤（地）。这一卦象代表“师”，即军队，寓意着兵力和农力的结合。在这里，坎卦象征着水和险难，而坤卦象征着地和顺从，暗示着通过将军事力量安置于民间，可以在必要时顺利调动。

师卦的核心哲学是：虽然兵力代表着危险和战争，但其使用应当是圣人不得已而为之的最后手段。在正确的情况下，军事力量可以顺应形势，将危险转化为吉祥。因此，在军事策略上，此卦象征着出征将会顺利，无灾祸。

师卦紧随讼卦（争讼卦），在《序卦》中解释为“讼必有众起，故受之以师”。这意味着争端激化至众多人群的参与，形成了类似军队的集体力量。

根据《象辞》，这一卦象取法于容纳江河的大地，寓意君子应当像大地一样收容和畜养大众，表达了一种包容和和谐的治理理念。

师卦在求学、事业、经商和婚恋等方面均具有特殊的意义。在运势上，师卦表示困难重重，必须以正规行事，谨小慎微，切忌盲目妄动，同时要注意与他人的沟通与合作，始终保持冷静从容的心态，方能成功。对于决策和行动，也提出了警示和建议，强调在冒险与竞争中应保持老成持重，不贪功、以中正为要，注意坚持正确的引导和正确的努力。"
比卦代表什么？,比卦是周易中的一卦，象征着亲密相互的关系和团结合作。它由两个异卦相叠而成，下卦为坤（地），上卦为坎（水）。水附大地，地纳河海，相互依赖，亲密无间。这一卦象在大象中代表着和乐之情，预示着时运亨通，有贵人提拔，以诚实、信任的态度去做事，可以获得成功。在传统解卦中，比卦被解释为相亲相辅，宽宏无私，精诚团结的道理。在事业和经商方面，都适宜与他人密切合作，真诚交往，遵守商业道德，待人宽厚、正直。在婚恋方面，也预示着美好的姻缘，相亲相爱，白头偕老。因此，比卦在周易中被解释为一卦吉象。
周易中的比卦含义是什么？,比卦是周易中的一卦，象征着亲密相互的关系和团结合作。它由两个异卦相叠而成，下卦为坤（地），上卦为坎（水）。水附大地，地纳河海，相互依赖，亲密无间。这一卦象在大象中代表着和乐之情，预示着时运亨通，有贵人提拔，以诚实、信任的态度去做事，可以获得成功。在传统解卦中，比卦被解释为相亲相辅，宽宏无私，精诚团结的道理。在事业和经商方面，都适宜与他人密切合作，真诚交往，遵守商业道德，待人宽厚、正直。在婚恋方面，也预示着美好的姻缘，相亲相爱，白头偕老。因此，比卦在周易中被解释为一卦吉象。
请解释一下比卦。,比卦是周易中的一卦，象征着亲密相互的关系和团结合作。它由两个异卦相叠而成，下卦为坤（地），上卦为坎（水）。水附大地，地纳河海，相互依赖，亲密无间。这一卦象在大象中代表着和乐之情，预示着时运亨通，有贵人提拔，以诚实、信任的态度去做事，可以获得成功。在传统解卦中，比卦被解释为相亲相辅，宽宏无私，精诚团结的道理。在事业和经商方面，都适宜与他人密切合作，真诚交往，遵守商业道德，待人宽厚、正直。在婚恋方面，也预示着美好的姻缘，相亲相爱，白头偕老。因此，比卦在周易中被解释为一卦吉象。
比卦在周易中是什么象征？,比卦是周易中的一卦，象征着亲密相互的关系和团结合作。它由两个异卦相叠而成，下卦为坤（地），上卦为坎（水）。水附大地，地纳河海，相互依赖，亲密无间。这一卦象在大象中代表着和乐之情，预示着时运亨通，有贵人提拔，以诚实、信任的态度去做事，可以获得成功。在传统解卦中，比卦被解释为相亲相辅，宽宏无私，精诚团结的道理。在事业和经商方面，都适宜与他人密切合作，真诚交往，遵守商业道德，待人宽厚、正直。在婚恋方面，也预示着美好的姻缘，相亲相爱，白头偕老。因此，比卦在周易中被解释为一卦吉象。
周易比卦的深层含义是什么？,比卦是周易中的一卦，象征着亲密相互的关系和团结合作。它由两个异卦相叠而成，下卦为坤（地），上卦为坎（水）。水附大地，地纳河海，相互依赖，亲密无间。这一卦象在大象中代表着和乐之情，预示着时运亨通，有贵人提拔，以诚实、信任的态度去做事，可以获得成功。在传统解卦中，比卦被解释为相亲相辅，宽宏无私，精诚团结的道理。在事业和经商方面，都适宜与他人密切合作，真诚交往，遵守商业道德，待人宽厚、正直。在婚恋方面，也预示着美好的姻缘，相亲相爱，白头偕老。因此，比卦在周易中被解释为一卦吉象。
比卦和教育启蒙有什么联系？,比卦是周易中的一卦，象征着亲密相互的关系和团结合作。它由两个异卦相叠而成，下卦为坤（地），上卦为坎（水）。水附大地，地纳河海，相互依赖，亲密无间。这一卦象在大象中代表着和乐之情，预示着时运亨通，有贵人提拔，以诚实、信任的态度去做事，可以获得成功。在传统解卦中，比卦被解释为相亲相辅，宽宏无私，精诚团结的道理。在事业和经商方面，都适宜与他人密切合作，真诚交往，遵守商业道德，待人宽厚、正直。在婚恋方面，也预示着美好的姻缘，相亲相爱，白头偕老。因此，比卦在周易中被解释为一卦吉象。
周易的比卦讲述了什么？,比卦是周易中的一卦，象征着亲密相互的关系和团结合作。它由两个异卦相叠而成，下卦为坤（地），上卦为坎（水）。水附大地，地纳河海，相互依赖，亲密无间。这一卦象在大象中代表着和乐之情，预示着时运亨通，有贵人提拔，以诚实、信任的态度去做事，可以获得成功。在传统解卦中，比卦被解释为相亲相辅，宽宏无私，精诚团结的道理。在事业和经商方面，都适宜与他人密切合作，真诚交往，遵守商业道德，待人宽厚、正直。在婚恋方面，也预示着美好的姻缘，相亲相爱，白头偕老。因此，比卦在周易中被解释为一卦吉象。
比卦是怎样的一个卦象？,比卦是周易中的一卦，象征着亲密相互的关系和团结合作。它由两个异卦相叠而成，下卦为坤（地），上卦为坎（水）。水附大地，地纳河海，相互依赖，亲密无间。这一卦象在大象中代表着和乐之情，预示着时运亨通，有贵人提拔，以诚实、信任的态度去做事，可以获得成功。在传统解卦中，比卦被解释为相亲相辅，宽宏无私，精诚团结的道理。在事业和经商方面，都适宜与他人密切合作，真诚交往，遵守商业道德，待人宽厚、正直。在婚恋方面，也预示着美好的姻缘，相亲相爱，白头偕老。因此，比卦在周易中被解释为一卦吉象。
比卦在周易中怎样表达教育的概念？,比卦是周易中的一卦，象征着亲密相互的关系和团结合作。它由两个异卦相叠而成，下卦为坤（地），上卦为坎（水）。水附大地，地纳河海，相互依赖，亲密无间。这一卦象在大象中代表着和乐之情，预示着时运亨通，有贵人提拔，以诚实、信任的态度去做事，可以获得成功。在传统解卦中，比卦被解释为相亲相辅，宽宏无私，精诚团结的道理。在事业和经商方面，都适宜与他人密切合作，真诚交往，遵守商业道德，待人宽厚、正直。在婚恋方面，也预示着美好的姻缘，相亲相爱，白头偕老。因此，比卦在周易中被解释为一卦吉象。
比卦的基本意义是什么？,比卦是周易中的一卦，象征着亲密相互的关系和团结合作。它由两个异卦相叠而成，下卦为坤（地），上卦为坎（水）。水附大地，地纳河海，相互依赖，亲密无间。这一卦象在大象中代表着和乐之情，预示着时运亨通，有贵人提拔，以诚实、信任的态度去做事，可以获得成功。在传统解卦中，比卦被解释为相亲相辅，宽宏无私，精诚团结的道理。在事业和经商方面，都适宜与他人密切合作，真诚交往，遵守商业道德，待人宽厚、正直。在婚恋方面，也预示着美好的姻缘，相亲相爱，白头偕老。因此，比卦在周易中被解释为一卦吉象。
周易中比卦的解释是什么？,比卦是周易中的一卦，象征着亲密相互的关系和团结合作。它由两个异卦相叠而成，下卦为坤（地），上卦为坎（水）。水附大地，地纳河海，相互依赖，亲密无间。这一卦象在大象中代表着和乐之情，预示着时运亨通，有贵人提拔，以诚实、信任的态度去做事，可以获得成功。在传统解卦中，比卦被解释为相亲相辅，宽宏无私，精诚团结的道理。在事业和经商方面，都适宜与他人密切合作，真诚交往，遵守商业道德，待人宽厚、正直。在婚恋方面，也预示着美好的姻缘，相亲相爱，白头偕老。因此，比卦在周易中被解释为一卦吉象。
比卦在周易中代表了哪些方面？,比卦是周易中的一卦，象征着亲密相互的关系和团结合作。它由两个异卦相叠而成，下卦为坤（地），上卦为坎（水）。水附大地，地纳河海，相互依赖，亲密无间。这一卦象在大象中代表着和乐之情，预示着时运亨通，有贵人提拔，以诚实、信任的态度去做事，可以获得成功。在传统解卦中，比卦被解释为相亲相辅，宽宏无私，精诚团结的道理。在事业和经商方面，都适宜与他人密切合作，真诚交往，遵守商业道德，待人宽厚、正直。在婚恋方面，也预示着美好的姻缘，相亲相爱，白头偕老。因此，比卦在周易中被解释为一卦吉象。
比卦涉及哪些哲学思想？,比卦是周易中的一卦，象征着亲密相互的关系和团结合作。它由两个异卦相叠而成，下卦为坤（地），上卦为坎（水）。水附大地，地纳河海，相互依赖，亲密无间。这一卦象在大象中代表着和乐之情，预示着时运亨通，有贵人提拔，以诚实、信任的态度去做事，可以获得成功。在传统解卦中，比卦被解释为相亲相辅，宽宏无私，精诚团结的道理。在事业和经商方面，都适宜与他人密切合作，真诚交往，遵守商业道德，待人宽厚、正直。在婚恋方面，也预示着美好的姻缘，相亲相爱，白头偕老。因此，比卦在周易中被解释为一卦吉象。
周易中比卦的象征意义是什么？,比卦是周易中的一卦，象征着亲密相互的关系和团结合作。它由两个异卦相叠而成，下卦为坤（地），上卦为坎（水）。水附大地，地纳河海，相互依赖，亲密无间。这一卦象在大象中代表着和乐之情，预示着时运亨通，有贵人提拔，以诚实、信任的态度去做事，可以获得成功。在传统解卦中，比卦被解释为相亲相辅，宽宏无私，精诚团结的道理。在事业和经商方面，都适宜与他人密切合作，真诚交往，遵守商业道德，待人宽厚、正直。在婚恋方面，也预示着美好的姻缘，相亲相爱，白头偕老。因此，比卦在周易中被解释为一卦吉象。
比卦的主要讲述内容是什么？,比卦是周易中的一卦，象征着亲密相互的关系和团结合作。它由两个异卦相叠而成，下卦为坤（地），上卦为坎（水）。水附大地，地纳河海，相互依赖，亲密无间。这一卦象在大象中代表着和乐之情，预示着时运亨通，有贵人提拔，以诚实、信任的态度去做事，可以获得成功。在传统解卦中，比卦被解释为相亲相辅，宽宏无私，精诚团结的道理。在事业和经商方面，都适宜与他人密切合作，真诚交往，遵守商业道德，待人宽厚、正直。在婚恋方面，也预示着美好的姻缘，相亲相爱，白头偕老。因此，比卦在周易中被解释为一卦吉象。
周易比卦的核心思想是什么？,比卦是周易中的一卦，象征着亲密相互的关系和团结合作。它由两个异卦相叠而成，下卦为坤（地），上卦为坎（水）。水附大地，地纳河海，相互依赖，亲密无间。这一卦象在大象中代表着和乐之情，预示着时运亨通，有贵人提拔，以诚实、信任的态度去做事，可以获得成功。在传统解卦中，比卦被解释为相亲相辅，宽宏无私，精诚团结的道理。在事业和经商方面，都适宜与他人密切合作，真诚交往，遵守商业道德，待人宽厚、正直。在婚恋方面，也预示着美好的姻缘，相亲相爱，白头偕老。因此，比卦在周易中被解释为一卦吉象。
比卦和启蒙教育之间有何联系？,比卦是周易中的一卦，象征着亲密相互的关系和团结合作。它由两个异卦相叠而成，下卦为坤（地），上卦为坎（水）。水附大地，地纳河海，相互依赖，亲密无间。这一卦象在大象中代表着和乐之情，预示着时运亨通，有贵人提拔，以诚实、信任的态度去做事，可以获得成功。在传统解卦中，比卦被解释为相亲相辅，宽宏无私，精诚团结的道理。在事业和经商方面，都适宜与他人密切合作，真诚交往，遵守商业道德，待人宽厚、正直。在婚恋方面，也预示着美好的姻缘，相亲相爱，白头偕老。因此，比卦在周易中被解释为一卦吉象。
在周易中，比卦象征着什么？,比卦是周易中的一卦，象征着亲密相互的关系和团结合作。它由两个异卦相叠而成，下卦为坤（地），上卦为坎（水）。水附大地，地纳河海，相互依赖，亲密无间。这一卦象在大象中代表着和乐之情，预示着时运亨通，有贵人提拔，以诚实、信任的态度去做事，可以获得成功。在传统解卦中，比卦被解释为相亲相辅，宽宏无私，精诚团结的道理。在事业和经商方面，都适宜与他人密切合作，真诚交往，遵守商业道德，待人宽厚、正直。在婚恋方面，也预示着美好的姻缘，相亲相爱，白头偕老。因此，比卦在周易中被解释为一卦吉象。
请描述比卦的含义。,比卦是周易中的一卦，象征着亲密相互的关系和团结合作。它由两个异卦相叠而成，下卦为坤（地），上卦为坎（水）。水附大地，地纳河海，相互依赖，亲密无间。这一卦象在大象中代表着和乐之情，预示着时运亨通，有贵人提拔，以诚实、信任的态度去做事，可以获得成功。在传统解卦中，比卦被解释为相亲相辅，宽宏无私，精诚团结的道理。在事业和经商方面，都适宜与他人密切合作，真诚交往，遵守商业道德，待人宽厚、正直。在婚恋方面，也预示着美好的姻缘，相亲相爱，白头偕老。因此，比卦在周易中被解释为一卦吉象。
比卦在周易哲学中扮演什么角色？,比卦是周易中的一卦，象征着亲密相互的关系和团结合作。它由两个异卦相叠而成，下卦为坤（地），上卦为坎（水）。水附大地，地纳河海，相互依赖，亲密无间。这一卦象在大象中代表着和乐之情，预示着时运亨通，有贵人提拔，以诚实、信任的态度去做事，可以获得成功。在传统解卦中，比卦被解释为相亲相辅，宽宏无私，精诚团结的道理。在事业和经商方面，都适宜与他人密切合作，真诚交往，遵守商业道德，待人宽厚、正直。在婚恋方面，也预示着美好的姻缘，相亲相爱，白头偕老。因此，比卦在周易中被解释为一卦吉象。
坤卦代表什么？,"在周易中，坤卦是一个极具深意的卦象。这一卦象由两个坤卦叠加而成，代表着大地的顺从和包容。在坤卦中，君子意味着稳重行动，前往迷失后得主，有攸往则安贞吉利，利西南得朋，东北丧朋。在象辞中，地势坤，君子以厚德载物，深含着取法于地，用深厚的德行来承担重大责任的哲理。

坤卦的核心哲学是：顺承天道，承载万物，以德服众，坚持柔顺和静以制动。在台湾国学大儒傅佩荣的解释中，时运为人厚道，声名远传；财运满载而归；家宅安稳，婚嫁大吉；身体柔软运动。传统解卦中指出，坤卦代表着地道生育抚养万物，依天顺时，性情温顺，顺从“乾”才能把握正确方向，遵循正道，获取吉利。因此，坤卦在事业、经商、求名、婚恋等方面，都需要以顺承天道，稳重行动，以柔克刚的原则来应对挑战，获得成功。"
周易中的坤卦含义是什么？,"在周易中，坤卦是一个极具深意的卦象。这一卦象由两个坤卦叠加而成，代表着大地的顺从和包容。在坤卦中，君子意味着稳重行动，前往迷失后得主，有攸往则安贞吉利，利西南得朋，东北丧朋。在象辞中，地势坤，君子以厚德载物，深含着取法于地，用深厚的德行来承担重大责任的哲理。

坤卦的核心哲学是：顺承天道，承载万物，以德服众，坚持柔顺和静以制动。在台湾国学大儒傅佩荣的解释中，时运为人厚道，声名远传；财运满载而归；家宅安稳，婚嫁大吉；身体柔软运动。传统解卦中指出，坤卦代表着地道生育抚养万物，依天顺时，性情温顺，顺从“乾”才能把握正确方向，遵循正道，获取吉利。因此，坤卦在事业、经商、求名、婚恋等方面，都需要以顺承天道，稳重行动，以柔克刚的原则来应对挑战，获得成功。"
请解释一下坤卦。,"在周易中，坤卦是一个极具深意的卦象。这一卦象由两个坤卦叠加而成，代表着大地的顺从和包容。在坤卦中，君子意味着稳重行动，前往迷失后得主，有攸往则安贞吉利，利西南得朋，东北丧朋。在象辞中，地势坤，君子以厚德载物，深含着取法于地，用深厚的德行来承担重大责任的哲理。

坤卦的核心哲学是：顺承天道，承载万物，以德服众，坚持柔顺和静以制动。在台湾国学大儒傅佩荣的解释中，时运为人厚道，声名远传；财运满载而归；家宅安稳，婚嫁大吉；身体柔软运动。传统解卦中指出，坤卦代表着地道生育抚养万物，依天顺时，性情温顺，顺从“乾”才能把握正确方向，遵循正道，获取吉利。因此，坤卦在事业、经商、求名、婚恋等方面，都需要以顺承天道，稳重行动，以柔克刚的原则来应对挑战，获得成功。"
坤卦在周易中是什么象征？,"在周易中，坤卦是一个极具深意的卦象。这一卦象由两个坤卦叠加而成，代表着大地的顺从和包容。在坤卦中，君子意味着稳重行动，前往迷失后得主，有攸往则安贞吉利，利西南得朋，东北丧朋。在象辞中，地势坤，君子以厚德载物，深含着取法于地，用深厚的德行来承担重大责任的哲理。

坤卦的核心哲学是：顺承天道，承载万物，以德服众，坚持柔顺和静以制动。在台湾国学大儒傅佩荣的解释中，时运为人厚道，声名远传；财运满载而归；家宅安稳，婚嫁大吉；身体柔软运动。传统解卦中指出，坤卦代表着地道生育抚养万物，依天顺时，性情温顺，顺从“乾”才能把握正确方向，遵循正道，获取吉利。因此，坤卦在事业、经商、求名、婚恋等方面，都需要以顺承天道，稳重行动，以柔克刚的原则来应对挑战，获得成功。"
周易坤卦的深层含义是什么？,"在周易中，坤卦是一个极具深意的卦象。这一卦象由两个坤卦叠加而成，代表着大地的顺从和包容。在坤卦中，君子意味着稳重行动，前往迷失后得主，有攸往则安贞吉利，利西南得朋，东北丧朋。在象辞中，地势坤，君子以厚德载物，深含着取法于地，用深厚的德行来承担重大责任的哲理。

坤卦的核心哲学是：顺承天道，承载万物，以德服众，坚持柔顺和静以制动。在台湾国学大儒傅佩荣的解释中，时运为人厚道，声名远传；财运满载而归；家宅安稳，婚嫁大吉；身体柔软运动。传统解卦中指出，坤卦代表着地道生育抚养万物，依天顺时，性情温顺，顺从“乾”才能把握正确方向，遵循正道，获取吉利。因此，坤卦在事业、经商、求名、婚恋等方面，都需要以顺承天道，稳重行动，以柔克刚的原则来应对挑战，获得成功。"
坤卦和教育启蒙有什么联系？,"在周易中，坤卦是一个极具深意的卦象。这一卦象由两个坤卦叠加而成，代表着大地的顺从和包容。在坤卦中，君子意味着稳重行动，前往迷失后得主，有攸往则安贞吉利，利西南得朋，东北丧朋。在象辞中，地势坤，君子以厚德载物，深含着取法于地，用深厚的德行来承担重大责任的哲理。

坤卦的核心哲学是：顺承天道，承载万物，以德服众，坚持柔顺和静以制动。在台湾国学大儒傅佩荣的解释中，时运为人厚道，声名远传；财运满载而归；家宅安稳，婚嫁大吉；身体柔软运动。传统解卦中指出，坤卦代表着地道生育抚养万物，依天顺时，性情温顺，顺从“乾”才能把握正确方向，遵循正道，获取吉利。因此，坤卦在事业、经商、求名、婚恋等方面，都需要以顺承天道，稳重行动，以柔克刚的原则来应对挑战，获得成功。"
周易的坤卦讲述了什么？,"在周易中，坤卦是一个极具深意的卦象。这一卦象由两个坤卦叠加而成，代表着大地的顺从和包容。在坤卦中，君子意味着稳重行动，前往迷失后得主，有攸往则安贞吉利，利西南得朋，东北丧朋。在象辞中，地势坤，君子以厚德载物，深含着取法于地，用深厚的德行来承担重大责任的哲理。

坤卦的核心哲学是：顺承天道，承载万物，以德服众，坚持柔顺和静以制动。在台湾国学大儒傅佩荣的解释中，时运为人厚道，声名远传；财运满载而归；家宅安稳，婚嫁大吉；身体柔软运动。传统解卦中指出，坤卦代表着地道生育抚养万物，依天顺时，性情温顺，顺从“乾”才能把握正确方向，遵循正道，获取吉利。因此，坤卦在事业、经商、求名、婚恋等方面，都需要以顺承天道，稳重行动，以柔克刚的原则来应对挑战，获得成功。"
坤卦是怎样的一个卦象？,"在周易中，坤卦是一个极具深意的卦象。这一卦象由两个坤卦叠加而成，代表着大地的顺从和包容。在坤卦中，君子意味着稳重行动，前往迷失后得主，有攸往则安贞吉利，利西南得朋，东北丧朋。在象辞中，地势坤，君子以厚德载物，深含着取法于地，用深厚的德行来承担重大责任的哲理。

坤卦的核心哲学是：顺承天道，承载万物，以德服众，坚持柔顺和静以制动。在台湾国学大儒傅佩荣的解释中，时运为人厚道，声名远传；财运满载而归；家宅安稳，婚嫁大吉；身体柔软运动。传统解卦中指出，坤卦代表着地道生育抚养万物，依天顺时，性情温顺，顺从“乾”才能把握正确方向，遵循正道，获取吉利。因此，坤卦在事业、经商、求名、婚恋等方面，都需要以顺承天道，稳重行动，以柔克刚的原则来应对挑战，获得成功。"
坤卦在周易中怎样表达教育的概念？,"在周易中，坤卦是一个极具深意的卦象。这一卦象由两个坤卦叠加而成，代表着大地的顺从和包容。在坤卦中，君子意味着稳重行动，前往迷失后得主，有攸往则安贞吉利，利西南得朋，东北丧朋。在象辞中，地势坤，君子以厚德载物，深含着取法于地，用深厚的德行来承担重大责任的哲理。

坤卦的核心哲学是：顺承天道，承载万物，以德服众，坚持柔顺和静以制动。在台湾国学大儒傅佩荣的解释中，时运为人厚道，声名远传；财运满载而归；家宅安稳，婚嫁大吉；身体柔软运动。传统解卦中指出，坤卦代表着地道生育抚养万物，依天顺时，性情温顺，顺从“乾”才能把握正确方向，遵循正道，获取吉利。因此，坤卦在事业、经商、求名、婚恋等方面，都需要以顺承天道，稳重行动，以柔克刚的原则来应对挑战，获得成功。"
坤卦的基本意义是什么？,"在周易中，坤卦是一个极具深意的卦象。这一卦象由两个坤卦叠加而成，代表着大地的顺从和包容。在坤卦中，君子意味着稳重行动，前往迷失后得主，有攸往则安贞吉利，利西南得朋，东北丧朋。在象辞中，地势坤，君子以厚德载物，深含着取法于地，用深厚的德行来承担重大责任的哲理。

坤卦的核心哲学是：顺承天道，承载万物，以德服众，坚持柔顺和静以制动。在台湾国学大儒傅佩荣的解释中，时运为人厚道，声名远传；财运满载而归；家宅安稳，婚嫁大吉；身体柔软运动。传统解卦中指出，坤卦代表着地道生育抚养万物，依天顺时，性情温顺，顺从“乾”才能把握正确方向，遵循正道，获取吉利。因此，坤卦在事业、经商、求名、婚恋等方面，都需要以顺承天道，稳重行动，以柔克刚的原则来应对挑战，获得成功。"
周易中坤卦的解释是什么？,"在周易中，坤卦是一个极具深意的卦象。这一卦象由两个坤卦叠加而成，代表着大地的顺从和包容。在坤卦中，君子意味着稳重行动，前往迷失后得主，有攸往则安贞吉利，利西南得朋，东北丧朋。在象辞中，地势坤，君子以厚德载物，深含着取法于地，用深厚的德行来承担重大责任的哲理。

坤卦的核心哲学是：顺承天道，承载万物，以德服众，坚持柔顺和静以制动。在台湾国学大儒傅佩荣的解释中，时运为人厚道，声名远传；财运满载而归；家宅安稳，婚嫁大吉；身体柔软运动。传统解卦中指出，坤卦代表着地道生育抚养万物，依天顺时，性情温顺，顺从“乾”才能把握正确方向，遵循正道，获取吉利。因此，坤卦在事业、经商、求名、婚恋等方面，都需要以顺承天道，稳重行动，以柔克刚的原则来应对挑战，获得成功。"
坤卦在周易中代表了哪些方面？,"在周易中，坤卦是一个极具深意的卦象。这一卦象由两个坤卦叠加而成，代表着大地的顺从和包容。在坤卦中，君子意味着稳重行动，前往迷失后得主，有攸往则安贞吉利，利西南得朋，东北丧朋。在象辞中，地势坤，君子以厚德载物，深含着取法于地，用深厚的德行来承担重大责任的哲理。

坤卦的核心哲学是：顺承天道，承载万物，以德服众，坚持柔顺和静以制动。在台湾国学大儒傅佩荣的解释中，时运为人厚道，声名远传；财运满载而归；家宅安稳，婚嫁大吉；身体柔软运动。传统解卦中指出，坤卦代表着地道生育抚养万物，依天顺时，性情温顺，顺从“乾”才能把握正确方向，遵循正道，获取吉利。因此，坤卦在事业、经商、求名、婚恋等方面，都需要以顺承天道，稳重行动，以柔克刚的原则来应对挑战，获得成功。"
坤卦涉及哪些哲学思想？,"在周易中，坤卦是一个极具深意的卦象。这一卦象由两个坤卦叠加而成，代表着大地的顺从和包容。在坤卦中，君子意味着稳重行动，前往迷失后得主，有攸往则安贞吉利，利西南得朋，东北丧朋。在象辞中，地势坤，君子以厚德载物，深含着取法于地，用深厚的德行来承担重大责任的哲理。

坤卦的核心哲学是：顺承天道，承载万物，以德服众，坚持柔顺和静以制动。在台湾国学大儒傅佩荣的解释中，时运为人厚道，声名远传；财运满载而归；家宅安稳，婚嫁大吉；身体柔软运动。传统解卦中指出，坤卦代表着地道生育抚养万物，依天顺时，性情温顺，顺从“乾”才能把握正确方向，遵循正道，获取吉利。因此，坤卦在事业、经商、求名、婚恋等方面，都需要以顺承天道，稳重行动，以柔克刚的原则来应对挑战，获得成功。"
周易中坤卦的象征意义是什么？,"在周易中，坤卦是一个极具深意的卦象。这一卦象由两个坤卦叠加而成，代表着大地的顺从和包容。在坤卦中，君子意味着稳重行动，前往迷失后得主，有攸往则安贞吉利，利西南得朋，东北丧朋。在象辞中，地势坤，君子以厚德载物，深含着取法于地，用深厚的德行来承担重大责任的哲理。

坤卦的核心哲学是：顺承天道，承载万物，以德服众，坚持柔顺和静以制动。在台湾国学大儒傅佩荣的解释中，时运为人厚道，声名远传；财运满载而归；家宅安稳，婚嫁大吉；身体柔软运动。传统解卦中指出，坤卦代表着地道生育抚养万物，依天顺时，性情温顺，顺从“乾”才能把握正确方向，遵循正道，获取吉利。因此，坤卦在事业、经商、求名、婚恋等方面，都需要以顺承天道，稳重行动，以柔克刚的原则来应对挑战，获得成功。"
坤卦的主要讲述内容是什么？,"在周易中，坤卦是一个极具深意的卦象。这一卦象由两个坤卦叠加而成，代表着大地的顺从和包容。在坤卦中，君子意味着稳重行动，前往迷失后得主，有攸往则安贞吉利，利西南得朋，东北丧朋。在象辞中，地势坤，君子以厚德载物，深含着取法于地，用深厚的德行来承担重大责任的哲理。

坤卦的核心哲学是：顺承天道，承载万物，以德服众，坚持柔顺和静以制动。在台湾国学大儒傅佩荣的解释中，时运为人厚道，声名远传；财运满载而归；家宅安稳，婚嫁大吉；身体柔软运动。传统解卦中指出，坤卦代表着地道生育抚养万物，依天顺时，性情温顺，顺从“乾”才能把握正确方向，遵循正道，获取吉利。因此，坤卦在事业、经商、求名、婚恋等方面，都需要以顺承天道，稳重行动，以柔克刚的原则来应对挑战，获得成功。"
周易坤卦的核心思想是什么？,"在周易中，坤卦是一个极具深意的卦象。这一卦象由两个坤卦叠加而成，代表着大地的顺从和包容。在坤卦中，君子意味着稳重行动，前往迷失后得主，有攸往则安贞吉利，利西南得朋，东北丧朋。在象辞中，地势坤，君子以厚德载物，深含着取法于地，用深厚的德行来承担重大责任的哲理。

坤卦的核心哲学是：顺承天道，承载万物，以德服众，坚持柔顺和静以制动。在台湾国学大儒傅佩荣的解释中，时运为人厚道，声名远传；财运满载而归；家宅安稳，婚嫁大吉；身体柔软运动。传统解卦中指出，坤卦代表着地道生育抚养万物，依天顺时，性情温顺，顺从“乾”才能把握正确方向，遵循正道，获取吉利。因此，坤卦在事业、经商、求名、婚恋等方面，都需要以顺承天道，稳重行动，以柔克刚的原则来应对挑战，获得成功。"
坤卦和启蒙教育之间有何联系？,"在周易中，坤卦是一个极具深意的卦象。这一卦象由两个坤卦叠加而成，代表着大地的顺从和包容。在坤卦中，君子意味着稳重行动，前往迷失后得主，有攸往则安贞吉利，利西南得朋，东北丧朋。在象辞中，地势坤，君子以厚德载物，深含着取法于地，用深厚的德行来承担重大责任的哲理。

坤卦的核心哲学是：顺承天道，承载万物，以德服众，坚持柔顺和静以制动。在台湾国学大儒傅佩荣的解释中，时运为人厚道，声名远传；财运满载而归；家宅安稳，婚嫁大吉；身体柔软运动。传统解卦中指出，坤卦代表着地道生育抚养万物，依天顺时，性情温顺，顺从“乾”才能把握正确方向，遵循正道，获取吉利。因此，坤卦在事业、经商、求名、婚恋等方面，都需要以顺承天道，稳重行动，以柔克刚的原则来应对挑战，获得成功。"
在周易中，坤卦象征着什么？,"在周易中，坤卦是一个极具深意的卦象。这一卦象由两个坤卦叠加而成，代表着大地的顺从和包容。在坤卦中，君子意味着稳重行动，前往迷失后得主，有攸往则安贞吉利，利西南得朋，东北丧朋。在象辞中，地势坤，君子以厚德载物，深含着取法于地，用深厚的德行来承担重大责任的哲理。

坤卦的核心哲学是：顺承天道，承载万物，以德服众，坚持柔顺和静以制动。在台湾国学大儒傅佩荣的解释中，时运为人厚道，声名远传；财运满载而归；家宅安稳，婚嫁大吉；身体柔软运动。传统解卦中指出，坤卦代表着地道生育抚养万物，依天顺时，性情温顺，顺从“乾”才能把握正确方向，遵循正道，获取吉利。因此，坤卦在事业、经商、求名、婚恋等方面，都需要以顺承天道，稳重行动，以柔克刚的原则来应对挑战，获得成功。"
请描述坤卦的含义。,"在周易中，坤卦是一个极具深意的卦象。这一卦象由两个坤卦叠加而成，代表着大地的顺从和包容。在坤卦中，君子意味着稳重行动，前往迷失后得主，有攸往则安贞吉利，利西南得朋，东北丧朋。在象辞中，地势坤，君子以厚德载物，深含着取法于地，用深厚的德行来承担重大责任的哲理。

坤卦的核心哲学是：顺承天道，承载万物，以德服众，坚持柔顺和静以制动。在台湾国学大儒傅佩荣的解释中，时运为人厚道，声名远传；财运满载而归；家宅安稳，婚嫁大吉；身体柔软运动。传统解卦中指出，坤卦代表着地道生育抚养万物，依天顺时，性情温顺，顺从“乾”才能把握正确方向，遵循正道，获取吉利。因此，坤卦在事业、经商、求名、婚恋等方面，都需要以顺承天道，稳重行动，以柔克刚的原则来应对挑战，获得成功。"
坤卦在周易哲学中扮演什么角色？,"在周易中，坤卦是一个极具深意的卦象。这一卦象由两个坤卦叠加而成，代表着大地的顺从和包容。在坤卦中，君子意味着稳重行动，前往迷失后得主，有攸往则安贞吉利，利西南得朋，东北丧朋。在象辞中，地势坤，君子以厚德载物，深含着取法于地，用深厚的德行来承担重大责任的哲理。

坤卦的核心哲学是：顺承天道，承载万物，以德服众，坚持柔顺和静以制动。在台湾国学大儒傅佩荣的解释中，时运为人厚道，声名远传；财运满载而归；家宅安稳，婚嫁大吉；身体柔软运动。传统解卦中指出，坤卦代表着地道生育抚养万物，依天顺时，性情温顺，顺从“乾”才能把握正确方向，遵循正道，获取吉利。因此，坤卦在事业、经商、求名、婚恋等方面，都需要以顺承天道，稳重行动，以柔克刚的原则来应对挑战，获得成功。"
乾卦代表什么？,乾卦是《易经》六十四卦之首，由六个阳爻构成，象征着天。乾卦代表大吉大利，吉利的贞卜。在《象辞》中，乾卦被解释为天道刚健，运行不已，君子观此卦象，从而以天为法，自强不息。乾卦的含义是刚健、强盛、兴盛的象征，因此意味着大通畅达，但需要行正道才能永远顺畅。乾卦所代表的天行刚健，自强不息的精神，具有名利双收之象，需要把握机会、争取成果。在事业上，乾卦预示着大吉大利，如意吉祥，但也需要提高警惕、小心谨慎，力戒骄傲、冷静处世才能充分发挥才智，保证事业成功。在经商方面，乾卦预示着十分顺利，有发展向上的大好机会，但需要冷静分析形势、把握时机、坚持商业道德。求名方面提示潜在能力尚未充分发挥，需要进一步努力、克服骄傲自满情绪，成就君子之名。在婚恋方面，乾卦代表着阳盛阴衰，但刚柔可相济，形成美满结果。总体而言，乾卦预示着可以成就大的事业，但需要坚持刚健、正直、公允的实质，自强不息，必能克服困难，消除灾难。
周易中的乾卦含义是什么？,乾卦是《易经》六十四卦之首，由六个阳爻构成，象征着天。乾卦代表大吉大利，吉利的贞卜。在《象辞》中，乾卦被解释为天道刚健，运行不已，君子观此卦象，从而以天为法，自强不息。乾卦的含义是刚健、强盛、兴盛的象征，因此意味着大通畅达，但需要行正道才能永远顺畅。乾卦所代表的天行刚健，自强不息的精神，具有名利双收之象，需要把握机会、争取成果。在事业上，乾卦预示着大吉大利，如意吉祥，但也需要提高警惕、小心谨慎，力戒骄傲、冷静处世才能充分发挥才智，保证事业成功。在经商方面，乾卦预示着十分顺利，有发展向上的大好机会，但需要冷静分析形势、把握时机、坚持商业道德。求名方面提示潜在能力尚未充分发挥，需要进一步努力、克服骄傲自满情绪，成就君子之名。在婚恋方面，乾卦代表着阳盛阴衰，但刚柔可相济，形成美满结果。总体而言，乾卦预示着可以成就大的事业，但需要坚持刚健、正直、公允的实质，自强不息，必能克服困难，消除灾难。
请解释一下乾卦。,乾卦是《易经》六十四卦之首，由六个阳爻构成，象征着天。乾卦代表大吉大利，吉利的贞卜。在《象辞》中，乾卦被解释为天道刚健，运行不已，君子观此卦象，从而以天为法，自强不息。乾卦的含义是刚健、强盛、兴盛的象征，因此意味着大通畅达，但需要行正道才能永远顺畅。乾卦所代表的天行刚健，自强不息的精神，具有名利双收之象，需要把握机会、争取成果。在事业上，乾卦预示着大吉大利，如意吉祥，但也需要提高警惕、小心谨慎，力戒骄傲、冷静处世才能充分发挥才智，保证事业成功。在经商方面，乾卦预示着十分顺利，有发展向上的大好机会，但需要冷静分析形势、把握时机、坚持商业道德。求名方面提示潜在能力尚未充分发挥，需要进一步努力、克服骄傲自满情绪，成就君子之名。在婚恋方面，乾卦代表着阳盛阴衰，但刚柔可相济，形成美满结果。总体而言，乾卦预示着可以成就大的事业，但需要坚持刚健、正直、公允的实质，自强不息，必能克服困难，消除灾难。
乾卦在周易中是什么象征？,乾卦是《易经》六十四卦之首，由六个阳爻构成，象征着天。乾卦代表大吉大利，吉利的贞卜。在《象辞》中，乾卦被解释为天道刚健，运行不已，君子观此卦象，从而以天为法，自强不息。乾卦的含义是刚健、强盛、兴盛的象征，因此意味着大通畅达，但需要行正道才能永远顺畅。乾卦所代表的天行刚健，自强不息的精神，具有名利双收之象，需要把握机会、争取成果。在事业上，乾卦预示着大吉大利，如意吉祥，但也需要提高警惕、小心谨慎，力戒骄傲、冷静处世才能充分发挥才智，保证事业成功。在经商方面，乾卦预示着十分顺利，有发展向上的大好机会，但需要冷静分析形势、把握时机、坚持商业道德。求名方面提示潜在能力尚未充分发挥，需要进一步努力、克服骄傲自满情绪，成就君子之名。在婚恋方面，乾卦代表着阳盛阴衰，但刚柔可相济，形成美满结果。总体而言，乾卦预示着可以成就大的事业，但需要坚持刚健、正直、公允的实质，自强不息，必能克服困难，消除灾难。
周易乾卦的深层含义是什么？,乾卦是《易经》六十四卦之首，由六个阳爻构成，象征着天。乾卦代表大吉大利，吉利的贞卜。在《象辞》中，乾卦被解释为天道刚健，运行不已，君子观此卦象，从而以天为法，自强不息。乾卦的含义是刚健、强盛、兴盛的象征，因此意味着大通畅达，但需要行正道才能永远顺畅。乾卦所代表的天行刚健，自强不息的精神，具有名利双收之象，需要把握机会、争取成果。在事业上，乾卦预示着大吉大利，如意吉祥，但也需要提高警惕、小心谨慎，力戒骄傲、冷静处世才能充分发挥才智，保证事业成功。在经商方面，乾卦预示着十分顺利，有发展向上的大好机会，但需要冷静分析形势、把握时机、坚持商业道德。求名方面提示潜在能力尚未充分发挥，需要进一步努力、克服骄傲自满情绪，成就君子之名。在婚恋方面，乾卦代表着阳盛阴衰，但刚柔可相济，形成美满结果。总体而言，乾卦预示着可以成就大的事业，但需要坚持刚健、正直、公允的实质，自强不息，必能克服困难，消除灾难。
乾卦和教育启蒙有什么联系？,乾卦是《易经》六十四卦之首，由六个阳爻构成，象征着天。乾卦代表大吉大利，吉利的贞卜。在《象辞》中，乾卦被解释为天道刚健，运行不已，君子观此卦象，从而以天为法，自强不息。乾卦的含义是刚健、强盛、兴盛的象征，因此意味着大通畅达，但需要行正道才能永远顺畅。乾卦所代表的天行刚健，自强不息的精神，具有名利双收之象，需要把握机会、争取成果。在事业上，乾卦预示着大吉大利，如意吉祥，但也需要提高警惕、小心谨慎，力戒骄傲、冷静处世才能充分发挥才智，保证事业成功。在经商方面，乾卦预示着十分顺利，有发展向上的大好机会，但需要冷静分析形势、把握时机、坚持商业道德。求名方面提示潜在能力尚未充分发挥，需要进一步努力、克服骄傲自满情绪，成就君子之名。在婚恋方面，乾卦代表着阳盛阴衰，但刚柔可相济，形成美满结果。总体而言，乾卦预示着可以成就大的事业，但需要坚持刚健、正直、公允的实质，自强不息，必能克服困难，消除灾难。
周易的乾卦讲述了什么？,乾卦是《易经》六十四卦之首，由六个阳爻构成，象征着天。乾卦代表大吉大利，吉利的贞卜。在《象辞》中，乾卦被解释为天道刚健，运行不已，君子观此卦象，从而以天为法，自强不息。乾卦的含义是刚健、强盛、兴盛的象征，因此意味着大通畅达，但需要行正道才能永远顺畅。乾卦所代表的天行刚健，自强不息的精神，具有名利双收之象，需要把握机会、争取成果。在事业上，乾卦预示着大吉大利，如意吉祥，但也需要提高警惕、小心谨慎，力戒骄傲、冷静处世才能充分发挥才智，保证事业成功。在经商方面，乾卦预示着十分顺利，有发展向上的大好机会，但需要冷静分析形势、把握时机、坚持商业道德。求名方面提示潜在能力尚未充分发挥，需要进一步努力、克服骄傲自满情绪，成就君子之名。在婚恋方面，乾卦代表着阳盛阴衰，但刚柔可相济，形成美满结果。总体而言，乾卦预示着可以成就大的事业，但需要坚持刚健、正直、公允的实质，自强不息，必能克服困难，消除灾难。
乾卦是怎样的一个卦象？,乾卦是《易经》六十四卦之首，由六个阳爻构成，象征着天。乾卦代表大吉大利，吉利的贞卜。在《象辞》中，乾卦被解释为天道刚健，运行不已，君子观此卦象，从而以天为法，自强不息。乾卦的含义是刚健、强盛、兴盛的象征，因此意味着大通畅达，但需要行正道才能永远顺畅。乾卦所代表的天行刚健，自强不息的精神，具有名利双收之象，需要把握机会、争取成果。在事业上，乾卦预示着大吉大利，如意吉祥，但也需要提高警惕、小心谨慎，力戒骄傲、冷静处世才能充分发挥才智，保证事业成功。在经商方面，乾卦预示着十分顺利，有发展向上的大好机会，但需要冷静分析形势、把握时机、坚持商业道德。求名方面提示潜在能力尚未充分发挥，需要进一步努力、克服骄傲自满情绪，成就君子之名。在婚恋方面，乾卦代表着阳盛阴衰，但刚柔可相济，形成美满结果。总体而言，乾卦预示着可以成就大的事业，但需要坚持刚健、正直、公允的实质，自强不息，必能克服困难，消除灾难。
乾卦在周易中怎样表达教育的概念？,乾卦是《易经》六十四卦之首，由六个阳爻构成，象征着天。乾卦代表大吉大利，吉利的贞卜。在《象辞》中，乾卦被解释为天道刚健，运行不已，君子观此卦象，从而以天为法，自强不息。乾卦的含义是刚健、强盛、兴盛的象征，因此意味着大通畅达，但需要行正道才能永远顺畅。乾卦所代表的天行刚健，自强不息的精神，具有名利双收之象，需要把握机会、争取成果。在事业上，乾卦预示着大吉大利，如意吉祥，但也需要提高警惕、小心谨慎，力戒骄傲、冷静处世才能充分发挥才智，保证事业成功。在经商方面，乾卦预示着十分顺利，有发展向上的大好机会，但需要冷静分析形势、把握时机、坚持商业道德。求名方面提示潜在能力尚未充分发挥，需要进一步努力、克服骄傲自满情绪，成就君子之名。在婚恋方面，乾卦代表着阳盛阴衰，但刚柔可相济，形成美满结果。总体而言，乾卦预示着可以成就大的事业，但需要坚持刚健、正直、公允的实质，自强不息，必能克服困难，消除灾难。
乾卦的基本意义是什么？,乾卦是《易经》六十四卦之首，由六个阳爻构成，象征着天。乾卦代表大吉大利，吉利的贞卜。在《象辞》中，乾卦被解释为天道刚健，运行不已，君子观此卦象，从而以天为法，自强不息。乾卦的含义是刚健、强盛、兴盛的象征，因此意味着大通畅达，但需要行正道才能永远顺畅。乾卦所代表的天行刚健，自强不息的精神，具有名利双收之象，需要把握机会、争取成果。在事业上，乾卦预示着大吉大利，如意吉祥，但也需要提高警惕、小心谨慎，力戒骄傲、冷静处世才能充分发挥才智，保证事业成功。在经商方面，乾卦预示着十分顺利，有发展向上的大好机会，但需要冷静分析形势、把握时机、坚持商业道德。求名方面提示潜在能力尚未充分发挥，需要进一步努力、克服骄傲自满情绪，成就君子之名。在婚恋方面，乾卦代表着阳盛阴衰，但刚柔可相济，形成美满结果。总体而言，乾卦预示着可以成就大的事业，但需要坚持刚健、正直、公允的实质，自强不息，必能克服困难，消除灾难。
周易中乾卦的解释是什么？,乾卦是《易经》六十四卦之首，由六个阳爻构成，象征着天。乾卦代表大吉大利，吉利的贞卜。在《象辞》中，乾卦被解释为天道刚健，运行不已，君子观此卦象，从而以天为法，自强不息。乾卦的含义是刚健、强盛、兴盛的象征，因此意味着大通畅达，但需要行正道才能永远顺畅。乾卦所代表的天行刚健，自强不息的精神，具有名利双收之象，需要把握机会、争取成果。在事业上，乾卦预示着大吉大利，如意吉祥，但也需要提高警惕、小心谨慎，力戒骄傲、冷静处世才能充分发挥才智，保证事业成功。在经商方面，乾卦预示着十分顺利，有发展向上的大好机会，但需要冷静分析形势、把握时机、坚持商业道德。求名方面提示潜在能力尚未充分发挥，需要进一步努力、克服骄傲自满情绪，成就君子之名。在婚恋方面，乾卦代表着阳盛阴衰，但刚柔可相济，形成美满结果。总体而言，乾卦预示着可以成就大的事业，但需要坚持刚健、正直、公允的实质，自强不息，必能克服困难，消除灾难。
乾卦在周易中代表了哪些方面？,乾卦是《易经》六十四卦之首，由六个阳爻构成，象征着天。乾卦代表大吉大利，吉利的贞卜。在《象辞》中，乾卦被解释为天道刚健，运行不已，君子观此卦象，从而以天为法，自强不息。乾卦的含义是刚健、强盛、兴盛的象征，因此意味着大通畅达，但需要行正道才能永远顺畅。乾卦所代表的天行刚健，自强不息的精神，具有名利双收之象，需要把握机会、争取成果。在事业上，乾卦预示着大吉大利，如意吉祥，但也需要提高警惕、小心谨慎，力戒骄傲、冷静处世才能充分发挥才智，保证事业成功。在经商方面，乾卦预示着十分顺利，有发展向上的大好机会，但需要冷静分析形势、把握时机、坚持商业道德。求名方面提示潜在能力尚未充分发挥，需要进一步努力、克服骄傲自满情绪，成就君子之名。在婚恋方面，乾卦代表着阳盛阴衰，但刚柔可相济，形成美满结果。总体而言，乾卦预示着可以成就大的事业，但需要坚持刚健、正直、公允的实质，自强不息，必能克服困难，消除灾难。
乾卦涉及哪些哲学思想？,乾卦是《易经》六十四卦之首，由六个阳爻构成，象征着天。乾卦代表大吉大利，吉利的贞卜。在《象辞》中，乾卦被解释为天道刚健，运行不已，君子观此卦象，从而以天为法，自强不息。乾卦的含义是刚健、强盛、兴盛的象征，因此意味着大通畅达，但需要行正道才能永远顺畅。乾卦所代表的天行刚健，自强不息的精神，具有名利双收之象，需要把握机会、争取成果。在事业上，乾卦预示着大吉大利，如意吉祥，但也需要提高警惕、小心谨慎，力戒骄傲、冷静处世才能充分发挥才智，保证事业成功。在经商方面，乾卦预示着十分顺利，有发展向上的大好机会，但需要冷静分析形势、把握时机、坚持商业道德。求名方面提示潜在能力尚未充分发挥，需要进一步努力、克服骄傲自满情绪，成就君子之名。在婚恋方面，乾卦代表着阳盛阴衰，但刚柔可相济，形成美满结果。总体而言，乾卦预示着可以成就大的事业，但需要坚持刚健、正直、公允的实质，自强不息，必能克服困难，消除灾难。
周易中乾卦的象征意义是什么？,乾卦是《易经》六十四卦之首，由六个阳爻构成，象征着天。乾卦代表大吉大利，吉利的贞卜。在《象辞》中，乾卦被解释为天道刚健，运行不已，君子观此卦象，从而以天为法，自强不息。乾卦的含义是刚健、强盛、兴盛的象征，因此意味着大通畅达，但需要行正道才能永远顺畅。乾卦所代表的天行刚健，自强不息的精神，具有名利双收之象，需要把握机会、争取成果。在事业上，乾卦预示着大吉大利，如意吉祥，但也需要提高警惕、小心谨慎，力戒骄傲、冷静处世才能充分发挥才智，保证事业成功。在经商方面，乾卦预示着十分顺利，有发展向上的大好机会，但需要冷静分析形势、把握时机、坚持商业道德。求名方面提示潜在能力尚未充分发挥，需要进一步努力、克服骄傲自满情绪，成就君子之名。在婚恋方面，乾卦代表着阳盛阴衰，但刚柔可相济，形成美满结果。总体而言，乾卦预示着可以成就大的事业，但需要坚持刚健、正直、公允的实质，自强不息，必能克服困难，消除灾难。
乾卦的主要讲述内容是什么？,乾卦是《易经》六十四卦之首，由六个阳爻构成，象征着天。乾卦代表大吉大利，吉利的贞卜。在《象辞》中，乾卦被解释为天道刚健，运行不已，君子观此卦象，从而以天为法，自强不息。乾卦的含义是刚健、强盛、兴盛的象征，因此意味着大通畅达，但需要行正道才能永远顺畅。乾卦所代表的天行刚健，自强不息的精神，具有名利双收之象，需要把握机会、争取成果。在事业上，乾卦预示着大吉大利，如意吉祥，但也需要提高警惕、小心谨慎，力戒骄傲、冷静处世才能充分发挥才智，保证事业成功。在经商方面，乾卦预示着十分顺利，有发展向上的大好机会，但需要冷静分析形势、把握时机、坚持商业道德。求名方面提示潜在能力尚未充分发挥，需要进一步努力、克服骄傲自满情绪，成就君子之名。在婚恋方面，乾卦代表着阳盛阴衰，但刚柔可相济，形成美满结果。总体而言，乾卦预示着可以成就大的事业，但需要坚持刚健、正直、公允的实质，自强不息，必能克服困难，消除灾难。
周易乾卦的核心思想是什么？,乾卦是《易经》六十四卦之首，由六个阳爻构成，象征着天。乾卦代表大吉大利，吉利的贞卜。在《象辞》中，乾卦被解释为天道刚健，运行不已，君子观此卦象，从而以天为法，自强不息。乾卦的含义是刚健、强盛、兴盛的象征，因此意味着大通畅达，但需要行正道才能永远顺畅。乾卦所代表的天行刚健，自强不息的精神，具有名利双收之象，需要把握机会、争取成果。在事业上，乾卦预示着大吉大利，如意吉祥，但也需要提高警惕、小心谨慎，力戒骄傲、冷静处世才能充分发挥才智，保证事业成功。在经商方面，乾卦预示着十分顺利，有发展向上的大好机会，但需要冷静分析形势、把握时机、坚持商业道德。求名方面提示潜在能力尚未充分发挥，需要进一步努力、克服骄傲自满情绪，成就君子之名。在婚恋方面，乾卦代表着阳盛阴衰，但刚柔可相济，形成美满结果。总体而言，乾卦预示着可以成就大的事业，但需要坚持刚健、正直、公允的实质，自强不息，必能克服困难，消除灾难。
乾卦和启蒙教育之间有何联系？,乾卦是《易经》六十四卦之首，由六个阳爻构成，象征着天。乾卦代表大吉大利，吉利的贞卜。在《象辞》中，乾卦被解释为天道刚健，运行不已，君子观此卦象，从而以天为法，自强不息。乾卦的含义是刚健、强盛、兴盛的象征，因此意味着大通畅达，但需要行正道才能永远顺畅。乾卦所代表的天行刚健，自强不息的精神，具有名利双收之象，需要把握机会、争取成果。在事业上，乾卦预示着大吉大利，如意吉祥，但也需要提高警惕、小心谨慎，力戒骄傲、冷静处世才能充分发挥才智，保证事业成功。在经商方面，乾卦预示着十分顺利，有发展向上的大好机会，但需要冷静分析形势、把握时机、坚持商业道德。求名方面提示潜在能力尚未充分发挥，需要进一步努力、克服骄傲自满情绪，成就君子之名。在婚恋方面，乾卦代表着阳盛阴衰，但刚柔可相济，形成美满结果。总体而言，乾卦预示着可以成就大的事业，但需要坚持刚健、正直、公允的实质，自强不息，必能克服困难，消除灾难。
在周易中，乾卦象征着什么？,乾卦是《易经》六十四卦之首，由六个阳爻构成，象征着天。乾卦代表大吉大利，吉利的贞卜。在《象辞》中，乾卦被解释为天道刚健，运行不已，君子观此卦象，从而以天为法，自强不息。乾卦的含义是刚健、强盛、兴盛的象征，因此意味着大通畅达，但需要行正道才能永远顺畅。乾卦所代表的天行刚健，自强不息的精神，具有名利双收之象，需要把握机会、争取成果。在事业上，乾卦预示着大吉大利，如意吉祥，但也需要提高警惕、小心谨慎，力戒骄傲、冷静处世才能充分发挥才智，保证事业成功。在经商方面，乾卦预示着十分顺利，有发展向上的大好机会，但需要冷静分析形势、把握时机、坚持商业道德。求名方面提示潜在能力尚未充分发挥，需要进一步努力、克服骄傲自满情绪，成就君子之名。在婚恋方面，乾卦代表着阳盛阴衰，但刚柔可相济，形成美满结果。总体而言，乾卦预示着可以成就大的事业，但需要坚持刚健、正直、公允的实质，自强不息，必能克服困难，消除灾难。
请描述乾卦的含义。,乾卦是《易经》六十四卦之首，由六个阳爻构成，象征着天。乾卦代表大吉大利，吉利的贞卜。在《象辞》中，乾卦被解释为天道刚健，运行不已，君子观此卦象，从而以天为法，自强不息。乾卦的含义是刚健、强盛、兴盛的象征，因此意味着大通畅达，但需要行正道才能永远顺畅。乾卦所代表的天行刚健，自强不息的精神，具有名利双收之象，需要把握机会、争取成果。在事业上，乾卦预示着大吉大利，如意吉祥，但也需要提高警惕、小心谨慎，力戒骄傲、冷静处世才能充分发挥才智，保证事业成功。在经商方面，乾卦预示着十分顺利，有发展向上的大好机会，但需要冷静分析形势、把握时机、坚持商业道德。求名方面提示潜在能力尚未充分发挥，需要进一步努力、克服骄傲自满情绪，成就君子之名。在婚恋方面，乾卦代表着阳盛阴衰，但刚柔可相济，形成美满结果。总体而言，乾卦预示着可以成就大的事业，但需要坚持刚健、正直、公允的实质，自强不息，必能克服困难，消除灾难。
乾卦在周易哲学中扮演什么角色？,乾卦是《易经》六十四卦之首，由六个阳爻构成，象征着天。乾卦代表大吉大利，吉利的贞卜。在《象辞》中，乾卦被解释为天道刚健，运行不已，君子观此卦象，从而以天为法，自强不息。乾卦的含义是刚健、强盛、兴盛的象征，因此意味着大通畅达，但需要行正道才能永远顺畅。乾卦所代表的天行刚健，自强不息的精神，具有名利双收之象，需要把握机会、争取成果。在事业上，乾卦预示着大吉大利，如意吉祥，但也需要提高警惕、小心谨慎，力戒骄傲、冷静处世才能充分发挥才智，保证事业成功。在经商方面，乾卦预示着十分顺利，有发展向上的大好机会，但需要冷静分析形势、把握时机、坚持商业道德。求名方面提示潜在能力尚未充分发挥，需要进一步努力、克服骄傲自满情绪，成就君子之名。在婚恋方面，乾卦代表着阳盛阴衰，但刚柔可相济，形成美满结果。总体而言，乾卦预示着可以成就大的事业，但需要坚持刚健、正直、公允的实质，自强不息，必能克服困难，消除灾难。
